"Name","State","Notes","User","Tags","Created","Runtime","Sweep","accuracy_eval_samples","backend","batch_size","best_epoch","best_val_loss","checkpoint_loaded","checkpoint_path","cpu","cuda_available","cuda_version","dataset_start_date","directional_accuracy","forecast_horizon","gpu_compute_capability","gpu_device_index","gpu_graphics_clock_mhz_max","gpu_graphics_clock_mhz_mean","gpu_graphics_clock_mhz_min","gpu_memory_clock_mhz_max","gpu_memory_clock_mhz_mean","gpu_memory_clock_mhz_min","gpu_memory_total_mb_max","gpu_memory_total_mb_mean","gpu_memory_total_mb_min","gpu_memory_used_mb_max","gpu_memory_used_mb_mean","gpu_memory_used_mb_min","gpu_memory_utilization_percent_max","gpu_memory_utilization_percent_mean","gpu_memory_utilization_percent_min","gpu_name","gpu_power_watts_max","gpu_power_watts_mean","gpu_power_watts_min","gpu_telemetry_sample_count","gpu_temperature_c_max","gpu_temperature_c_mean","gpu_temperature_c_min","gpu_total_memory_gb","gpu_utilization_percent_max","gpu_utilization_percent_mean","gpu_utilization_percent_min","latency_max_ms","latency_mean_ms","latency_median_ms","latency_min_ms","latency_p95_ms","latency_p99_ms","lookback_window","mae","mape","model","os","parameter_count","peak_memory_allocated_mb","peak_memory_reserved_mb","precision","python","repeat_index","rmse","run_id","system_ram_gb","throughput_samples_per_sec","ticker_count","tickers","torch_version","trained_epochs","training_history_path"
"lstm-pytorch-fp32-bs1-rep0","finished","-","","","2026-05-29T13:13:36.000Z","3","","12933","pytorch","1","30","3.590657641078002","true","checkpoints\lstm_lb252_h21_in5_e30_2a00fcb3a7.pt","AMD64 Family 25 Model 116 Stepping 1, AuthenticAMD","true","12.6","2015-01-01","0.4914166408908135","21","8.9","0","315","252","210","405","405","405","8188","8188","8188","571.59765625","571.59765625","571.59765625","12","9.2","5","NVIDIA GeForce RTX 4070 Laptop GPU","5.636","4.004","2.916","5","42","42","42","7.996","61","33.4","15","4.970299996784888","2.4291069993341807","2.1556000065174885","1.970700002857484","3.4862750006141137","3.933670998085295","252","0.08374638110399246","24.562732696533203","lstm","Windows-11-10.0.26200-SP0","51521","361.28955078125","372","fp32","3.12.10","0","0.5095060467720032","20260529-184258_lstm-transformer-tiny_time_mixer-informer_fp32-fp16_bs1-8-32","15.288","463.9079592579724","25","[""AAPL"",""MSFT"",""NVDA"",""AMD"",""META"",""GOOGL"",""AMZN"",""SPY"",""QQQ"",""DIA"",""IWM"",""JPM"",""GS"",""BAC"",""XOM"",""CVX"",""SMH"",""TSM"",""VIXY"",""^NSEI"",""RELIANCE.NS"",""TCS.NS"",""INFY.NS"",""CQQQ"",""FXI""]","2.12.0+cu126","30","checkpoints\lstm_lb252_h21_in5_e30_2a00fcb3a7.history.json"
"lstm-pytorch-fp32-bs1-rep1","finished","-","","","2026-05-29T13:14:06.000Z","2","","12933","pytorch","1","30","3.590657641078002","true","checkpoints\lstm_lb252_h21_in5_e30_2a00fcb3a7.pt","AMD64 Family 25 Model 116 Stepping 1, AuthenticAMD","true","12.6","2015-01-01","0.4914166408908135","21","8.9","0","210","210","210","405","405","405","8188","8188","8188","572.22265625","572.22265625","572.22265625","5","5","5","NVIDIA GeForce RTX 4070 Laptop GPU","5.31","5.31","5.31","6","43","43","43","7.996","1","1","1","5.760600004578009","2.783016999892425","2.8466000003390945","1.8617000023368744","4.005349991348339","4.769807994744047","252","0.08374638110399246","24.562732696533203","lstm","Windows-11-10.0.26200-SP0","51521","361.28955078125","372","fp32","3.12.10","1","0.5095060467720032","20260529-184258_lstm-transformer-tiny_time_mixer-informer_fp32-fp16_bs1-8-32","15.288","351.2962832434755","25","[""AAPL"",""MSFT"",""NVDA"",""AMD"",""META"",""GOOGL"",""AMZN"",""SPY"",""QQQ"",""DIA"",""IWM"",""JPM"",""GS"",""BAC"",""XOM"",""CVX"",""SMH"",""TSM"",""VIXY"",""^NSEI"",""RELIANCE.NS"",""TCS.NS"",""INFY.NS"",""CQQQ"",""FXI""]","2.12.0+cu126","30","checkpoints\lstm_lb252_h21_in5_e30_2a00fcb3a7.history.json"
"lstm-pytorch-fp32-bs1-rep0","finished","-","","","2026-05-29T13:15:10.000Z","2","","12933","pytorch","1","30","3.590657641078002","true","checkpoints\lstm_lb252_h21_in5_e30_2a00fcb3a7.pt","AMD64 Family 25 Model 116 Stepping 1, AuthenticAMD","true","12.6","2015-01-01","0.4914166408908135","21","8.9","0","210","210","210","405","405","405","8188","8188","8188","572.47265625","572.47265625","572.47265625","9","9","9","NVIDIA GeForce RTX 4070 Laptop GPU","5.209","5.209","5.209","6","43","43","43","7.996","6","6","6","12.469299996155314","2.724581998772919","2.2004999918863177","1.942500006407499","3.856819999782599","11.628492990275848","252","0.08374638110399246","24.562732696533203","lstm","Windows-11-10.0.26200-SP0","51521","361.28955078125","372","fp32","3.12.10","0","0.5095060467720032","20260529-184435_lstm-transformer-tiny_time_mixer-informer_fp32-fp16_bs1-8-32","15.288","454.4421739092022","25","[""AAPL"",""MSFT"",""NVDA"",""AMD"",""META"",""GOOGL"",""AMZN"",""SPY"",""QQQ"",""DIA"",""IWM"",""JPM"",""GS"",""BAC"",""XOM"",""CVX"",""SMH"",""TSM"",""VIXY"",""^NSEI"",""RELIANCE.NS"",""TCS.NS"",""INFY.NS"",""CQQQ"",""FXI""]","2.12.0+cu126","30","checkpoints\lstm_lb252_h21_in5_e30_2a00fcb3a7.history.json"
"lstm-pytorch-fp32-bs1-rep1","finished","-","","","2026-05-29T13:15:43.000Z","3","","12933","pytorch","1","30","3.590657641078002","true","checkpoints\lstm_lb252_h21_in5_e30_2a00fcb3a7.pt","AMD64 Family 25 Model 116 Stepping 1, AuthenticAMD","true","12.6","2015-01-01","0.4914166408908135","21","8.9","0","210","210","210","405","405","405","8188","8188","8188","572.47265625","572.47265625","572.47265625","13","13","13","NVIDIA GeForce RTX 4070 Laptop GPU","2.947","2.947","2.947","5","42","42","42","7.996","10","10","10","9.767800002009608","2.444511999929091","1.8621499912114816","1.597900001797825","3.5225549960159688","9.133903001347791","252","0.08374638110399246","24.562732696533203","lstm","Windows-11-10.0.26200-SP0","51521","361.28955078125","372","fp32","3.12.10","1","0.5095060467720032","20260529-184435_lstm-transformer-tiny_time_mixer-informer_fp32-fp16_bs1-8-32","15.288","537.0136695322905","25","[""AAPL"",""MSFT"",""NVDA"",""AMD"",""META"",""GOOGL"",""AMZN"",""SPY"",""QQQ"",""DIA"",""IWM"",""JPM"",""GS"",""BAC"",""XOM"",""CVX"",""SMH"",""TSM"",""VIXY"",""^NSEI"",""RELIANCE.NS"",""TCS.NS"",""INFY.NS"",""CQQQ"",""FXI""]","2.12.0+cu126","30","checkpoints\lstm_lb252_h21_in5_e30_2a00fcb3a7.history.json"
"lstm-pytorch-fp32-bs1-rep2","finished","-","","","2026-05-29T13:16:08.000Z","3","","12933","pytorch","1","30","3.590657641078002","true","checkpoints\lstm_lb252_h21_in5_e30_2a00fcb3a7.pt","AMD64 Family 25 Model 116 Stepping 1, AuthenticAMD","true","12.6","2015-01-01","0.4914166408908135","21","8.9","0","210","210","210","405","405","405","8188","8188","8188","576.28515625","576.28515625","576.28515625","18","18","18","NVIDIA GeForce RTX 4070 Laptop GPU","3.307","3.307","3.307","6","43","43","43","7.996","21","21","21","14.763300001504833","2.708017999539152","2.85470000380883","1.816300005884841","3.0388149942154996","4.518185986380612","252","0.08374638110399246","24.562732696533203","lstm","Windows-11-10.0.26200-SP0","51521","361.28955078125","372","fp32","3.12.10","2","0.5095060467720032","20260529-184435_lstm-transformer-tiny_time_mixer-informer_fp32-fp16_bs1-8-32","15.288","350.29950561031586","25","[""AAPL"",""MSFT"",""NVDA"",""AMD"",""META"",""GOOGL"",""AMZN"",""SPY"",""QQQ"",""DIA"",""IWM"",""JPM"",""GS"",""BAC"",""XOM"",""CVX"",""SMH"",""TSM"",""VIXY"",""^NSEI"",""RELIANCE.NS"",""TCS.NS"",""INFY.NS"",""CQQQ"",""FXI""]","2.12.0+cu126","30","checkpoints\lstm_lb252_h21_in5_e30_2a00fcb3a7.history.json"
"lstm-pytorch-fp32-bs8-rep0","finished","-","","","2026-05-29T13:16:35.000Z","2","","12933","pytorch","8","30","3.590657641078002","true","checkpoints\lstm_lb252_h21_in5_e30_2a00fcb3a7.pt","AMD64 Family 25 Model 116 Stepping 1, AuthenticAMD","true","12.6","2015-01-01","0.4914166408908135","21","8.9","0","210","210","210","405","405","405","8188","8188","8188","580.28515625","580.28515625","580.28515625","8","8","8","NVIDIA GeForce RTX 4070 Laptop GPU","2.996","2.996","2.996","5","43","43","43","7.996","5","5","5","4.967999993823469","2.448655999614857","2.0379000052344054","1.9208000012440607","3.146250003919704","4.6105109945347085","252","0.08374638110399246","24.562732696533203","lstm","Windows-11-10.0.26200-SP0","51521","361.3232421875","376","fp32","3.12.10","0","0.5095060467720032","20260529-184435_lstm-transformer-tiny_time_mixer-informer_fp32-fp16_bs1-8-32","15.288","3925.609686172907","25","[""AAPL"",""MSFT"",""NVDA"",""AMD"",""META"",""GOOGL"",""AMZN"",""SPY"",""QQQ"",""DIA"",""IWM"",""JPM"",""GS"",""BAC"",""XOM"",""CVX"",""SMH"",""TSM"",""VIXY"",""^NSEI"",""RELIANCE.NS"",""TCS.NS"",""INFY.NS"",""CQQQ"",""FXI""]","2.12.0+cu126","30","checkpoints\lstm_lb252_h21_in5_e30_2a00fcb3a7.history.json"
"lstm-pytorch-fp32-bs8-rep1","finished","-","","","2026-05-29T13:17:04.000Z","3","","12933","pytorch","8","30","3.590657641078002","true","checkpoints\lstm_lb252_h21_in5_e30_2a00fcb3a7.pt","AMD64 Family 25 Model 116 Stepping 1, AuthenticAMD","true","12.6","2015-01-01","0.4914166408908135","21","8.9","0","300","225","210","405","405","405","8188","8188","8188","580.28515625","580.28515625","580.28515625","5","3.3333333333333335","3","NVIDIA GeForce RTX 4070 Laptop GPU","5.599","5.164000000000001","5.077","6","43","43","43","7.996","80","13.333333333333334","0","10.105800000019372","2.5281780000659637","2.231099999335129","2.08240000938531","3.1937450024997815","4.5598199953383585","252","0.08374638110399246","24.562732696533203","lstm","Windows-11-10.0.26200-SP0","51521","361.3232421875","376","fp32","3.12.10","1","0.5095060467720032","20260529-184435_lstm-transformer-tiny_time_mixer-informer_fp32-fp16_bs1-8-32","15.288","3585.675228534809","25","[""AAPL"",""MSFT"",""NVDA"",""AMD"",""META"",""GOOGL"",""AMZN"",""SPY"",""QQQ"",""DIA"",""IWM"",""JPM"",""GS"",""BAC"",""XOM"",""CVX"",""SMH"",""TSM"",""VIXY"",""^NSEI"",""RELIANCE.NS"",""TCS.NS"",""INFY.NS"",""CQQQ"",""FXI""]","2.12.0+cu126","30","checkpoints\lstm_lb252_h21_in5_e30_2a00fcb3a7.history.json"
"lstm-pytorch-fp32-bs8-rep2","finished","-","","","2026-05-29T13:17:32.000Z","2","","12933","pytorch","8","30","3.590657641078002","true","checkpoints\lstm_lb252_h21_in5_e30_2a00fcb3a7.pt","AMD64 Family 25 Model 116 Stepping 1, AuthenticAMD","true","12.6","2015-01-01","0.4914166408908135","21","8.9","0","330","234","210","405","405","405","8188","8188","8188","580.28515625","580.28515625","580.28515625","5","3.4","3","NVIDIA GeForce RTX 4070 Laptop GPU","7.137","5.4146","4.984","5","43","43","43","7.996","87","20.6","4","4.30110000888817","2.264864999742713","1.9952000002376735","1.8988000083481893","3.282450007100124","3.7846169946715262","252","0.08374638110399246","24.562732696533203","lstm","Windows-11-10.0.26200-SP0","51521","361.3232421875","376","fp32","3.12.10","2","0.5095060467720032","20260529-184435_lstm-transformer-tiny_time_mixer-informer_fp32-fp16_bs1-8-32","15.288","4009.623094951393","25","[""AAPL"",""MSFT"",""NVDA"",""AMD"",""META"",""GOOGL"",""AMZN"",""SPY"",""QQQ"",""DIA"",""IWM"",""JPM"",""GS"",""BAC"",""XOM"",""CVX"",""SMH"",""TSM"",""VIXY"",""^NSEI"",""RELIANCE.NS"",""TCS.NS"",""INFY.NS"",""CQQQ"",""FXI""]","2.12.0+cu126","30","checkpoints\lstm_lb252_h21_in5_e30_2a00fcb3a7.history.json"
"lstm-pytorch-fp32-bs32-rep0","finished","-","","","2026-05-29T13:17:57.000Z","3","","12933","pytorch","32","30","3.590657641078002","true","checkpoints\lstm_lb252_h21_in5_e30_2a00fcb3a7.pt","AMD64 Family 25 Model 116 Stepping 1, AuthenticAMD","true","12.6","2015-01-01","0.4914166408908135","21","8.9","0","210","210","210","405","405","405","8188","8188","8188","619.03515625","619.03515625","619.03515625","7","7","7","NVIDIA GeForce RTX 4070 Laptop GPU","5.168","5.168","5.168","6","43","43","43","7.996","4","4","4","3.9781999948900193","2.9004880000138655","2.7039999986300245","2.101799997035414","3.6052549978194297","3.694564996112605","252","0.08374638110399246","24.562732696533203","lstm","Windows-11-10.0.26200-SP0","51521","361.9267578125","398","fp32","3.12.10","0","0.5095060467720032","20260529-184435_lstm-transformer-tiny_time_mixer-informer_fp32-fp16_bs1-8-32","15.288","11834.31953262305","25","[""AAPL"",""MSFT"",""NVDA"",""AMD"",""META"",""GOOGL"",""AMZN"",""SPY"",""QQQ"",""DIA"",""IWM"",""JPM"",""GS"",""BAC"",""XOM"",""CVX"",""SMH"",""TSM"",""VIXY"",""^NSEI"",""RELIANCE.NS"",""TCS.NS"",""INFY.NS"",""CQQQ"",""FXI""]","2.12.0+cu126","30","checkpoints\lstm_lb252_h21_in5_e30_2a00fcb3a7.history.json"
"lstm-pytorch-fp32-bs32-rep1","finished","-","","","2026-05-29T13:18:27.000Z","3","","12933","pytorch","32","30","3.590657641078002","true","checkpoints\lstm_lb252_h21_in5_e30_2a00fcb3a7.pt","AMD64 Family 25 Model 116 Stepping 1, AuthenticAMD","true","12.6","2015-01-01","0.4914166408908135","21","8.9","0","210","210","210","405","405","405","8188","8188","8188","619.16015625","619.16015625","619.16015625","8","8","8","NVIDIA GeForce RTX 4070 Laptop GPU","5.001","5.001","5.001","6","43","43","43","7.996","4","4","4","3.714899998158217","2.541928999416996","2.3671500021009706","2.2659999958705157","3.3185449974553194","3.571745988592739","252","0.08374638110399246","24.562732696533203","lstm","Windows-11-10.0.26200-SP0","51521","361.9267578125","398","fp32","3.12.10","1","0.5095060467720032","20260529-184435_lstm-transformer-tiny_time_mixer-informer_fp32-fp16_bs1-8-32","15.288","13518.365955515414","25","[""AAPL"",""MSFT"",""NVDA"",""AMD"",""META"",""GOOGL"",""AMZN"",""SPY"",""QQQ"",""DIA"",""IWM"",""JPM"",""GS"",""BAC"",""XOM"",""CVX"",""SMH"",""TSM"",""VIXY"",""^NSEI"",""RELIANCE.NS"",""TCS.NS"",""INFY.NS"",""CQQQ"",""FXI""]","2.12.0+cu126","30","checkpoints\lstm_lb252_h21_in5_e30_2a00fcb3a7.history.json"
"lstm-pytorch-fp32-bs32-rep2","finished","-","","","2026-05-29T13:18:56.000Z","2","","12933","pytorch","32","30","3.590657641078002","true","checkpoints\lstm_lb252_h21_in5_e30_2a00fcb3a7.pt","AMD64 Family 25 Model 116 Stepping 1, AuthenticAMD","true","12.6","2015-01-01","0.4914166408908135","21","8.9","0","210","210","210","405","405","405","8188","8188","8188","619.41015625","619.41015625","619.41015625","16","16","16","NVIDIA GeForce RTX 4070 Laptop GPU","5.199","5.199","5.199","6","43","43","43","7.996","16","16","16","3.9274000009754673","2.8945550009666476","3.2258000064757653","2.0795000018551946","3.712050010653911","3.914827006083214","252","0.08374638110399246","24.562732696533203","lstm","Windows-11-10.0.26200-SP0","51521","361.9267578125","398","fp32","3.12.10","2","0.5095060467720032","20260529-184435_lstm-transformer-tiny_time_mixer-informer_fp32-fp16_bs1-8-32","15.288","9920.019820125328","25","[""AAPL"",""MSFT"",""NVDA"",""AMD"",""META"",""GOOGL"",""AMZN"",""SPY"",""QQQ"",""DIA"",""IWM"",""JPM"",""GS"",""BAC"",""XOM"",""CVX"",""SMH"",""TSM"",""VIXY"",""^NSEI"",""RELIANCE.NS"",""TCS.NS"",""INFY.NS"",""CQQQ"",""FXI""]","2.12.0+cu126","30","checkpoints\lstm_lb252_h21_in5_e30_2a00fcb3a7.history.json"
"lstm-pytorch-fp16-bs1-rep0","finished","-","","","2026-05-29T13:19:24.000Z","2","","12933","pytorch","1","30","3.590657641078002","true","checkpoints\lstm_lb252_h21_in5_e30_2a00fcb3a7.pt","AMD64 Family 25 Model 116 Stepping 1, AuthenticAMD","true","12.6","2015-01-01","0.40109805134549953","21","8.9","0","210","210","210","405","405","405","8188","8188","8188","583.41015625","583.41015625","583.41015625","6","6","6","NVIDIA GeForce RTX 4070 Laptop GPU","5.039","5.039","5.039","6","43","43","43","7.996","13","13","13","13.857099998858756","2.5695570002426393","2.0618499984266236","1.924600001075305","3.55702000160818","12.055002991692172","252","0.0837363451719284","24.550121307373047","lstm","Windows-11-10.0.26200-SP0","51521","184.171875","190","fp16","3.12.10","0","0.5095070004463196","20260529-184435_lstm-transformer-tiny_time_mixer-informer_fp32-fp16_bs1-8-32","15.288","485.0013341237673","25","[""AAPL"",""MSFT"",""NVDA"",""AMD"",""META"",""GOOGL"",""AMZN"",""SPY"",""QQQ"",""DIA"",""IWM"",""JPM"",""GS"",""BAC"",""XOM"",""CVX"",""SMH"",""TSM"",""VIXY"",""^NSEI"",""RELIANCE.NS"",""TCS.NS"",""INFY.NS"",""CQQQ"",""FXI""]","2.12.0+cu126","30","checkpoints\lstm_lb252_h21_in5_e30_2a00fcb3a7.history.json"
"lstm-pytorch-fp16-bs1-rep1","finished","-","","","2026-05-29T13:19:49.000Z","3","","12933","pytorch","1","30","3.590657641078002","true","checkpoints\lstm_lb252_h21_in5_e30_2a00fcb3a7.pt","AMD64 Family 25 Model 116 Stepping 1, AuthenticAMD","true","12.6","2015-01-01","0.40109805134549953","21","8.9","0","210","210","210","405","405","405","8188","8188","8188","583.41015625","583.41015625","583.41015625","6","6","6","NVIDIA GeForce RTX 4070 Laptop GPU","5.047","5.047","5.047","6","43","43","43","7.996","6","6","6","8.474300004309043","2.9124889998638537","2.990850000060163","1.894100001663901","4.068695008027133","8.286298999009889","252","0.0837363451719284","24.550121307373047","lstm","Windows-11-10.0.26200-SP0","51521","184.171875","190","fp16","3.12.10","1","0.5095070004463196","20260529-184435_lstm-transformer-tiny_time_mixer-informer_fp32-fp16_bs1-8-32","15.288","334.35311031308294","25","[""AAPL"",""MSFT"",""NVDA"",""AMD"",""META"",""GOOGL"",""AMZN"",""SPY"",""QQQ"",""DIA"",""IWM"",""JPM"",""GS"",""BAC"",""XOM"",""CVX"",""SMH"",""TSM"",""VIXY"",""^NSEI"",""RELIANCE.NS"",""TCS.NS"",""INFY.NS"",""CQQQ"",""FXI""]","2.12.0+cu126","30","checkpoints\lstm_lb252_h21_in5_e30_2a00fcb3a7.history.json"
"lstm-pytorch-fp16-bs1-rep2","finished","-","","","2026-05-29T13:20:16.000Z","2","","12933","pytorch","1","30","3.590657641078002","true","checkpoints\lstm_lb252_h21_in5_e30_2a00fcb3a7.pt","AMD64 Family 25 Model 116 Stepping 1, AuthenticAMD","true","12.6","2015-01-01","0.40109805134549953","21","8.9","0","210","210","210","405","405","405","8188","8188","8188","583.59765625","583.59765625","583.59765625","5","4.6","3","NVIDIA GeForce RTX 4070 Laptop GPU","5.383","5.3046","4.991","5","43","43","43","7.996","69","56","4","3.995000006398186","2.3255440007778816","2.035550001892261","1.4408999995794147","3.38428501272574","3.7909609942289544","252","0.0837363451719284","24.550121307373047","lstm","Windows-11-10.0.26200-SP0","51521","184.171875","190","fp16","3.12.10","2","0.5095070004463196","20260529-184435_lstm-transformer-tiny_time_mixer-informer_fp32-fp16_bs1-8-32","15.288","491.2677158853348","25","[""AAPL"",""MSFT"",""NVDA"",""AMD"",""META"",""GOOGL"",""AMZN"",""SPY"",""QQQ"",""DIA"",""IWM"",""JPM"",""GS"",""BAC"",""XOM"",""CVX"",""SMH"",""TSM"",""VIXY"",""^NSEI"",""RELIANCE.NS"",""TCS.NS"",""INFY.NS"",""CQQQ"",""FXI""]","2.12.0+cu126","30","checkpoints\lstm_lb252_h21_in5_e30_2a00fcb3a7.history.json"
"lstm-pytorch-fp16-bs8-rep0","finished","-","","","2026-05-29T13:20:46.000Z","2","","12933","pytorch","8","30","3.590657641078002","true","checkpoints\lstm_lb252_h21_in5_e30_2a00fcb3a7.pt","AMD64 Family 25 Model 116 Stepping 1, AuthenticAMD","true","12.6","2015-01-01","0.40109805134549953","21","8.9","0","210","210","210","405","405","405","8188","8188","8188","583.59765625","583.59765625","583.59765625","9","9","9","NVIDIA GeForce RTX 4070 Laptop GPU","5.067","5.067","5.067","5","43","43","43","7.996","18","18","18","4.754299996420741","2.2444160001759883","0.8062500055530109","0.6864000024506822","4.054164991975995","4.701335010904586","252","0.0837363451719284","24.550121307373047","lstm","Windows-11-10.0.26200-SP0","51521","184.18896484375","190","fp16","3.12.10","0","0.5095070004463196","20260529-184435_lstm-transformer-tiny_time_mixer-informer_fp32-fp16_bs1-8-32","15.288","9922.480551814397","25","[""AAPL"",""MSFT"",""NVDA"",""AMD"",""META"",""GOOGL"",""AMZN"",""SPY"",""QQQ"",""DIA"",""IWM"",""JPM"",""GS"",""BAC"",""XOM"",""CVX"",""SMH"",""TSM"",""VIXY"",""^NSEI"",""RELIANCE.NS"",""TCS.NS"",""INFY.NS"",""CQQQ"",""FXI""]","2.12.0+cu126","30","checkpoints\lstm_lb252_h21_in5_e30_2a00fcb3a7.history.json"
"lstm-pytorch-fp16-bs8-rep1","finished","-","","","2026-05-29T13:21:18.000Z","2","","12933","pytorch","8","30","3.590657641078002","true","checkpoints\lstm_lb252_h21_in5_e30_2a00fcb3a7.pt","AMD64 Family 25 Model 116 Stepping 1, AuthenticAMD","true","12.6","2015-01-01","0.40109805134549953","21","8.9","0","210","210","210","405","405","405","8188","8188","8188","583.59765625","583.59765625","583.59765625","7","7","7","NVIDIA GeForce RTX 4070 Laptop GPU","4.993","4.993","4.993","3","43","43","43","7.996","8","8","8","10.38539998990018","1.489492000109749","0.7341000018641353","0.6915999983903021","5.396750001091277","6.186215997440762","252","0.0837363451719284","24.550121307373047","lstm","Windows-11-10.0.26200-SP0","51521","184.18896484375","190","fp16","3.12.10","1","0.5095070004463196","20260529-184435_lstm-transformer-tiny_time_mixer-informer_fp32-fp16_bs1-8-32","15.288","10897.697833653749","25","[""AAPL"",""MSFT"",""NVDA"",""AMD"",""META"",""GOOGL"",""AMZN"",""SPY"",""QQQ"",""DIA"",""IWM"",""JPM"",""GS"",""BAC"",""XOM"",""CVX"",""SMH"",""TSM"",""VIXY"",""^NSEI"",""RELIANCE.NS"",""TCS.NS"",""INFY.NS"",""CQQQ"",""FXI""]","2.12.0+cu126","30","checkpoints\lstm_lb252_h21_in5_e30_2a00fcb3a7.history.json"
"lstm-pytorch-fp16-bs8-rep2","finished","-","","","2026-05-29T13:21:44.000Z","3","","12933","pytorch","8","30","3.590657641078002","true","checkpoints\lstm_lb252_h21_in5_e30_2a00fcb3a7.pt","AMD64 Family 25 Model 116 Stepping 1, AuthenticAMD","true","12.6","2015-01-01","0.40109805134549953","21","8.9","0","210","210","210","405","405","405","8188","8188","8188","583.59765625","583.59765625","583.59765625","6","5.5","2","NVIDIA GeForce RTX 4070 Laptop GPU","5.073","5.047875","4.872","8","43","43","43","7.996","38","33.25","0","8.407000001170672","3.589840000931872","3.612700005760416","2.945000000181608","4.605440000159431","7.955856994667559","252","0.0837363451719284","24.550121307373047","lstm","Windows-11-10.0.26200-SP0","51521","184.18896484375","190","fp16","3.12.10","2","0.5095070004463196","20260529-184435_lstm-transformer-tiny_time_mixer-informer_fp32-fp16_bs1-8-32","15.288","2214.410271332819","25","[""AAPL"",""MSFT"",""NVDA"",""AMD"",""META"",""GOOGL"",""AMZN"",""SPY"",""QQQ"",""DIA"",""IWM"",""JPM"",""GS"",""BAC"",""XOM"",""CVX"",""SMH"",""TSM"",""VIXY"",""^NSEI"",""RELIANCE.NS"",""TCS.NS"",""INFY.NS"",""CQQQ"",""FXI""]","2.12.0+cu126","30","checkpoints\lstm_lb252_h21_in5_e30_2a00fcb3a7.history.json"
"lstm-pytorch-fp16-bs32-rep0","finished","-","","","2026-05-29T13:22:14.000Z","2","","12933","pytorch","32","30","3.590657641078002","true","checkpoints\lstm_lb252_h21_in5_e30_2a00fcb3a7.pt","AMD64 Family 25 Model 116 Stepping 1, AuthenticAMD","true","12.6","2015-01-01","0.40109805134549953","21","8.9","0","330","276.6666666666667","210","6001","3513.8888888888887","405","8188","8188","8188","607.59765625","607.59765625","607.59765625","11","5.444444444444445","1","NVIDIA GeForce RTX 4070 Laptop GPU","6.679","6.286111111111111","5.795","9","44","44","44","7.996","87","62.55555555555556","32","9.81419999152422","4.365948000486242","3.792700001213234","3.0654000001959503","6.201445000624516","9.685895994189195","252","0.0837363451719284","24.550121307373047","lstm","Windows-11-10.0.26200-SP0","51521","184.24658203125","214","fp16","3.12.10","0","0.5095070004463196","20260529-184435_lstm-transformer-tiny_time_mixer-informer_fp32-fp16_bs1-8-32","15.288","8437.261051431336","25","[""AAPL"",""MSFT"",""NVDA"",""AMD"",""META"",""GOOGL"",""AMZN"",""SPY"",""QQQ"",""DIA"",""IWM"",""JPM"",""GS"",""BAC"",""XOM"",""CVX"",""SMH"",""TSM"",""VIXY"",""^NSEI"",""RELIANCE.NS"",""TCS.NS"",""INFY.NS"",""CQQQ"",""FXI""]","2.12.0+cu126","30","checkpoints\lstm_lb252_h21_in5_e30_2a00fcb3a7.history.json"
"lstm-pytorch-fp16-bs32-rep1","finished","-","","","2026-05-29T13:22:42.000Z","3","","12933","pytorch","32","30","3.590657641078002","true","checkpoints\lstm_lb252_h21_in5_e30_2a00fcb3a7.pt","AMD64 Family 25 Model 116 Stepping 1, AuthenticAMD","true","12.6","2015-01-01","0.40109805134549953","21","8.9","0","390","232.5","210","6001","1104.5","405","8188","8188","8188","607.59765625","607.59765625","607.59765625","8","7","0","NVIDIA GeForce RTX 4070 Laptop GPU","6.979","5.565875","5.364","8","44","44","44","7.996","89","23.375","14","6.432700000004843","3.5549609993177","3.295450005680322","2.067900000838563","5.347360008454416","6.311722000828014","252","0.0837363451719284","24.550121307373047","lstm","Windows-11-10.0.26200-SP0","51521","184.24658203125","214","fp16","3.12.10","1","0.5095070004463196","20260529-184435_lstm-transformer-tiny_time_mixer-informer_fp32-fp16_bs1-8-32","15.288","9710.35820444614","25","[""AAPL"",""MSFT"",""NVDA"",""AMD"",""META"",""GOOGL"",""AMZN"",""SPY"",""QQQ"",""DIA"",""IWM"",""JPM"",""GS"",""BAC"",""XOM"",""CVX"",""SMH"",""TSM"",""VIXY"",""^NSEI"",""RELIANCE.NS"",""TCS.NS"",""INFY.NS"",""CQQQ"",""FXI""]","2.12.0+cu126","30","checkpoints\lstm_lb252_h21_in5_e30_2a00fcb3a7.history.json"
"lstm-pytorch-fp16-bs32-rep2","finished","-","","","2026-05-29T13:23:08.000Z","2","","12933","pytorch","32","30","3.590657641078002","true","checkpoints\lstm_lb252_h21_in5_e30_2a00fcb3a7.pt","AMD64 Family 25 Model 116 Stepping 1, AuthenticAMD","true","12.6","2015-01-01","0.40109805134549953","21","8.9","0","210","210","210","405","405","405","8188","8188","8188","607.59765625","607.59765625","607.59765625","5","5","5","NVIDIA GeForce RTX 4070 Laptop GPU","3.62","3.62","3.62","4","43","43","43","7.996","2","2","2","6.71100000909064","1.850195999722928","0.7945000033942051","0.7165999995777383","5.489414999465224","6.349649994808717","252","0.0837363451719284","24.550121307373047","lstm","Windows-11-10.0.26200-SP0","51521","184.24658203125","214","fp16","3.12.10","2","0.5095070004463196","20260529-184435_lstm-transformer-tiny_time_mixer-informer_fp32-fp16_bs1-8-32","15.288","40276.903540959","25","[""AAPL"",""MSFT"",""NVDA"",""AMD"",""META"",""GOOGL"",""AMZN"",""SPY"",""QQQ"",""DIA"",""IWM"",""JPM"",""GS"",""BAC"",""XOM"",""CVX"",""SMH"",""TSM"",""VIXY"",""^NSEI"",""RELIANCE.NS"",""TCS.NS"",""INFY.NS"",""CQQQ"",""FXI""]","2.12.0+cu126","30","checkpoints\lstm_lb252_h21_in5_e30_2a00fcb3a7.history.json"
"tiny_time_mixer-pytorch-fp32-bs1-rep0","finished","-","","","2026-05-29T14:07:54.000Z","3","","12937","pytorch","1","17","31.233069080967955","false","checkpoints\tiny_time_mixer_lb252_h21_in5_e30_2a00fcb3a7.pt","AMD64 Family 25 Model 116 Stepping 1, AuthenticAMD","true","12.6","2015-01-01","0.5007730364873222","21","8.9","0","300","300","300","405","405","405","8188","8188","8188","542.72265625","542.72265625","542.72265625","5","5","5","NVIDIA GeForce RTX 4070 Laptop GPU","4.99","4.99","4.99","1","42","42","42","7.996","4","4","4","0.7821000035619363","0.3348690007987898","0.31459999445360154","0.16120000509545207","0.541759995394386","0.7144829929166011","252","0.41476330161094666","140.81968688964844","tiny_time_mixer","Windows-11-10.0.26200-SP0","169729","20.01416015625","24","fp32","3.12.10","0","1.5185045003890991","20260529-193609_tiny_time_mixer-informer_fp32-fp16_bs1-8-32","15.288","3178.6395983153266","25","[""AAPL"",""MSFT"",""NVDA"",""AMD"",""META"",""GOOGL"",""AMZN"",""SPY"",""QQQ"",""DIA"",""IWM"",""JPM"",""GS"",""BAC"",""XOM"",""CVX"",""SMH"",""TSM"",""VIXY"",""^NSEI"",""RELIANCE.NS"",""TCS.NS"",""INFY.NS"",""CQQQ"",""FXI""]","2.12.0+cu126","30","checkpoints\tiny_time_mixer_lb252_h21_in5_e30_2a00fcb3a7.history.json"
"tiny_time_mixer-pytorch-fp32-bs1-rep1","finished","-","","","2026-05-29T14:08:29.000Z","3","","12937","pytorch","1","17","31.233069080967955","true","checkpoints\tiny_time_mixer_lb252_h21_in5_e30_2a00fcb3a7.pt","AMD64 Family 25 Model 116 Stepping 1, AuthenticAMD","true","12.6","2015-01-01","0.5007730364873222","21","8.9","0","210","210","210","405","405","405","8188","8188","8188","532.84765625","532.84765625","532.84765625","2","2","2","NVIDIA GeForce RTX 4070 Laptop GPU","3.433","3.433","3.433","1","42","42","42","7.996","4","4","4","1.7366999963996932","0.3505029997904785","0.2687500018510036","0.15839999832678586","0.7093399966834113","1.4269290002994257","252","0.41476330161094666","140.81968688964844","tiny_time_mixer","Windows-11-10.0.26200-SP0","169729","11.24072265625","22","fp32","3.12.10","1","1.5185045003890991","20260529-193609_tiny_time_mixer-informer_fp32-fp16_bs1-8-32","15.288","3720.930206930399","25","[""AAPL"",""MSFT"",""NVDA"",""AMD"",""META"",""GOOGL"",""AMZN"",""SPY"",""QQQ"",""DIA"",""IWM"",""JPM"",""GS"",""BAC"",""XOM"",""CVX"",""SMH"",""TSM"",""VIXY"",""^NSEI"",""RELIANCE.NS"",""TCS.NS"",""INFY.NS"",""CQQQ"",""FXI""]","2.12.0+cu126","30","checkpoints\tiny_time_mixer_lb252_h21_in5_e30_2a00fcb3a7.history.json"
"tiny_time_mixer-pytorch-fp32-bs1-rep2","finished","-","","","2026-05-29T14:09:01.000Z","4","","12937","pytorch","1","17","31.233069080967955","true","checkpoints\tiny_time_mixer_lb252_h21_in5_e30_2a00fcb3a7.pt","AMD64 Family 25 Model 116 Stepping 1, AuthenticAMD","true","12.6","2015-01-01","0.5007730364873222","21","8.9","0","210","210","210","405","405","405","8188","8188","8188","532.84765625","532.84765625","532.84765625","12","12","12","NVIDIA GeForce RTX 4070 Laptop GPU","3.78","3.78","3.78","1","42","42","42","7.996","12","12","12","1.3943999947514385","0.25110300062806346","0.22370000078808516","0.15809999604243785","0.32529500167584047","0.9287039926857712","252","0.41476330161094666","140.82012939453125","tiny_time_mixer","Windows-11-10.0.26200-SP0","169729","11.24072265625","22","fp32","3.12.10","2","1.5185045003890991","20260529-193609_tiny_time_mixer-informer_fp32-fp16_bs1-8-32","15.288","4470.272670885312","25","[""AAPL"",""MSFT"",""NVDA"",""AMD"",""META"",""GOOGL"",""AMZN"",""SPY"",""QQQ"",""DIA"",""IWM"",""JPM"",""GS"",""BAC"",""XOM"",""CVX"",""SMH"",""TSM"",""VIXY"",""^NSEI"",""RELIANCE.NS"",""TCS.NS"",""INFY.NS"",""CQQQ"",""FXI""]","2.12.0+cu126","30","checkpoints\tiny_time_mixer_lb252_h21_in5_e30_2a00fcb3a7.history.json"
"tiny_time_mixer-pytorch-fp32-bs8-rep0","finished","-","","","2026-05-29T14:09:29.000Z","4","","12937","pytorch","8","17","31.233069080967955","true","checkpoints\tiny_time_mixer_lb252_h21_in5_e30_2a00fcb3a7.pt","AMD64 Family 25 Model 116 Stepping 1, AuthenticAMD","true","12.6","2015-01-01","0.5007730364873222","21","8.9","0","210","210","210","405","405","405","8188","8188","8188","532.84765625","532.84765625","532.84765625","16","16","16","NVIDIA GeForce RTX 4070 Laptop GPU","2.251","2.251","2.251","1","42","42","42","7.996","8","8","8","1.9152000022586435","0.32074699964141473","0.20994999795220792","0.19069999689236283","0.7808600057614967","1.7569979933614386","252","0.41476330161094666","140.82054138183594","tiny_time_mixer","Windows-11-10.0.26200-SP0","169729","11.2744140625","22","fp32","3.12.10","0","1.5185045003890991","20260529-193609_tiny_time_mixer-informer_fp32-fp16_bs1-8-32","15.288","38104.3109217895","25","[""AAPL"",""MSFT"",""NVDA"",""AMD"",""META"",""GOOGL"",""AMZN"",""SPY"",""QQQ"",""DIA"",""IWM"",""JPM"",""GS"",""BAC"",""XOM"",""CVX"",""SMH"",""TSM"",""VIXY"",""^NSEI"",""RELIANCE.NS"",""TCS.NS"",""INFY.NS"",""CQQQ"",""FXI""]","2.12.0+cu126","30","checkpoints\tiny_time_mixer_lb252_h21_in5_e30_2a00fcb3a7.history.json"
"tiny_time_mixer-pytorch-fp32-bs8-rep1","finished","-","","","2026-05-29T14:09:58.000Z","3","","12937","pytorch","8","17","31.233069080967955","true","checkpoints\tiny_time_mixer_lb252_h21_in5_e30_2a00fcb3a7.pt","AMD64 Family 25 Model 116 Stepping 1, AuthenticAMD","true","12.6","2015-01-01","0.5007730364873222","21","8.9","0","210","210","210","405","405","405","8188","8188","8188","532.84765625","532.84765625","532.84765625","18","18","18","NVIDIA GeForce RTX 4070 Laptop GPU","3.366","3.366","3.366","1","42","42","42","7.996","0","0","0","1.3181000103941187","0.26011800073320046","0.22275000083027408","0.19279999833088368","0.3559099990525281","0.7029139937367322","252","0.41476330161094666","140.82054138183594","tiny_time_mixer","Windows-11-10.0.26200-SP0","169729","11.2744140625","22","fp32","3.12.10","1","1.5185045003890991","20260529-193609_tiny_time_mixer-informer_fp32-fp16_bs1-8-32","15.288","35914.70244750148","25","[""AAPL"",""MSFT"",""NVDA"",""AMD"",""META"",""GOOGL"",""AMZN"",""SPY"",""QQQ"",""DIA"",""IWM"",""JPM"",""GS"",""BAC"",""XOM"",""CVX"",""SMH"",""TSM"",""VIXY"",""^NSEI"",""RELIANCE.NS"",""TCS.NS"",""INFY.NS"",""CQQQ"",""FXI""]","2.12.0+cu126","30","checkpoints\tiny_time_mixer_lb252_h21_in5_e30_2a00fcb3a7.history.json"
"tiny_time_mixer-pytorch-fp32-bs8-rep2","finished","-","","","2026-05-29T14:10:27.000Z","2","","12937","pytorch","8","17","31.233069080967955","true","checkpoints\tiny_time_mixer_lb252_h21_in5_e30_2a00fcb3a7.pt","AMD64 Family 25 Model 116 Stepping 1, AuthenticAMD","true","12.6","2015-01-01","0.5007730364873222","21","8.9","0","210","210","210","405","405","405","8188","8188","8188","532.84765625","532.84765625","532.84765625","20","20","20","NVIDIA GeForce RTX 4070 Laptop GPU","2.202","2.202","2.202","1","42","42","42","7.996","0","0","0","0.9911999950418248","0.2753639999718871","0.20339999173302203","0.19109999993816015","0.6869099997857119","0.9059609942778484","252","0.41476330161094666","140.82054138183594","tiny_time_mixer","Windows-11-10.0.26200-SP0","169729","11.2744140625","22","fp32","3.12.10","2","1.5185045003890991","20260529-193609_tiny_time_mixer-informer_fp32-fp16_bs1-8-32","15.288","39331.36836357697","25","[""AAPL"",""MSFT"",""NVDA"",""AMD"",""META"",""GOOGL"",""AMZN"",""SPY"",""QQQ"",""DIA"",""IWM"",""JPM"",""GS"",""BAC"",""XOM"",""CVX"",""SMH"",""TSM"",""VIXY"",""^NSEI"",""RELIANCE.NS"",""TCS.NS"",""INFY.NS"",""CQQQ"",""FXI""]","2.12.0+cu126","30","checkpoints\tiny_time_mixer_lb252_h21_in5_e30_2a00fcb3a7.history.json"
"tiny_time_mixer-pytorch-fp32-bs32-rep0","finished","-","","","2026-05-29T14:10:54.000Z","3","","12937","pytorch","32","17","31.233069080967955","true","checkpoints\tiny_time_mixer_lb252_h21_in5_e30_2a00fcb3a7.pt","AMD64 Family 25 Model 116 Stepping 1, AuthenticAMD","true","12.6","2015-01-01","0.5007730364873222","21","8.9","0","210","210","210","405","405","405","8188","8188","8188","532.84765625","532.84765625","532.84765625","55","55","55","NVIDIA GeForce RTX 4070 Laptop GPU","2.213","2.213","2.213","1","43","43","43","7.996","0","0","0","1.4865999983157965","0.3583209995122161","0.2949999980046414","0.24249999842140824","0.6863150098070037","0.9854620000987804","252","0.41476330161094666","140.82054138183594","tiny_time_mixer","Windows-11-10.0.26200-SP0","169729","11.3896484375","22","fp32","3.12.10","0","1.5185045003890991","20260529-193609_tiny_time_mixer-informer_fp32-fp16_bs1-8-32","15.288","108474.5770049006","25","[""AAPL"",""MSFT"",""NVDA"",""AMD"",""META"",""GOOGL"",""AMZN"",""SPY"",""QQQ"",""DIA"",""IWM"",""JPM"",""GS"",""BAC"",""XOM"",""CVX"",""SMH"",""TSM"",""VIXY"",""^NSEI"",""RELIANCE.NS"",""TCS.NS"",""INFY.NS"",""CQQQ"",""FXI""]","2.12.0+cu126","30","checkpoints\tiny_time_mixer_lb252_h21_in5_e30_2a00fcb3a7.history.json"
"tiny_time_mixer-pytorch-fp32-bs32-rep1","finished","-","","","2026-05-29T14:11:23.000Z","3","","12937","pytorch","32","17","31.233069080967955","true","checkpoints\tiny_time_mixer_lb252_h21_in5_e30_2a00fcb3a7.pt","AMD64 Family 25 Model 116 Stepping 1, AuthenticAMD","true","12.6","2015-01-01","0.5007730364873222","21","8.9","0","210","210","210","405","405","405","8188","8188","8188","532.84765625","532.84765625","532.84765625","8","8","8","NVIDIA GeForce RTX 4070 Laptop GPU","3.351","3.351","3.351","1","43","43","43","7.996","0","0","0","1.7893000040203333","0.32851899988600053","0.2763500015134923","0.24510000366717577","0.4543350005405951","1.0380880032607858","252","0.41476330161094666","140.82054138183594","tiny_time_mixer","Windows-11-10.0.26200-SP0","169729","11.3896484375","22","fp32","3.12.10","1","1.5185045003890991","20260529-193609_tiny_time_mixer-informer_fp32-fp16_bs1-8-32","15.288","115795.18662835128","25","[""AAPL"",""MSFT"",""NVDA"",""AMD"",""META"",""GOOGL"",""AMZN"",""SPY"",""QQQ"",""DIA"",""IWM"",""JPM"",""GS"",""BAC"",""XOM"",""CVX"",""SMH"",""TSM"",""VIXY"",""^NSEI"",""RELIANCE.NS"",""TCS.NS"",""INFY.NS"",""CQQQ"",""FXI""]","2.12.0+cu126","30","checkpoints\tiny_time_mixer_lb252_h21_in5_e30_2a00fcb3a7.history.json"
"tiny_time_mixer-pytorch-fp32-bs32-rep2","finished","-","","","2026-05-29T14:11:50.000Z","3","","12937","pytorch","32","17","31.233069080967955","true","checkpoints\tiny_time_mixer_lb252_h21_in5_e30_2a00fcb3a7.pt","AMD64 Family 25 Model 116 Stepping 1, AuthenticAMD","true","12.6","2015-01-01","0.5007730364873222","21","8.9","0","210","210","210","405","405","405","8188","8188","8188","532.84765625","532.84765625","532.84765625","47","47","47","NVIDIA GeForce RTX 4070 Laptop GPU","2.276","2.276","2.276","1","43","43","43","7.996","3","3","3","1.95789999270346","0.34617700104718097","0.26620000426191837","0.24459999985992908","0.7529499955126083","1.501411003118849","252","0.41476330161094666","140.82054138183594","tiny_time_mixer","Windows-11-10.0.26200-SP0","169729","11.3896484375","22","fp32","3.12.10","2","1.5185045003890991","20260529-193609_tiny_time_mixer-informer_fp32-fp16_bs1-8-32","15.288","120210.36621965904","25","[""AAPL"",""MSFT"",""NVDA"",""AMD"",""META"",""GOOGL"",""AMZN"",""SPY"",""QQQ"",""DIA"",""IWM"",""JPM"",""GS"",""BAC"",""XOM"",""CVX"",""SMH"",""TSM"",""VIXY"",""^NSEI"",""RELIANCE.NS"",""TCS.NS"",""INFY.NS"",""CQQQ"",""FXI""]","2.12.0+cu126","30","checkpoints\tiny_time_mixer_lb252_h21_in5_e30_2a00fcb3a7.history.json"
"tiny_time_mixer-pytorch-fp16-bs1-rep0","finished","-","","","2026-05-29T14:12:20.000Z","3","","12937","pytorch","1","17","31.233069080967955","true","checkpoints\tiny_time_mixer_lb252_h21_in5_e30_2a00fcb3a7.pt","AMD64 Family 25 Model 116 Stepping 1, AuthenticAMD","true","12.6","2015-01-01","0.37399505256648113","21","8.9","0","210","210","210","405","405","405","8188","8188","8188","538.84765625","538.84765625","538.84765625","7","6.5","6","NVIDIA GeForce RTX 4070 Laptop GPU","4.247","4.0535","3.86","2","43","43","43","7.996","28","26.5","25","5.130499994265847","0.6206920002296101","0.3408499978831969","0.1905000099213794","0.9927000035531816","5.048923992580967","252","0.4152880609035492","140.95176696777344","tiny_time_mixer","Windows-11-10.0.26200-SP0","169729","10.29931640625","22","fp16","3.12.10","0","1.5207332372665403","20260529-193609_tiny_time_mixer-informer_fp32-fp16_bs1-8-32","15.288","2933.841884143658","25","[""AAPL"",""MSFT"",""NVDA"",""AMD"",""META"",""GOOGL"",""AMZN"",""SPY"",""QQQ"",""DIA"",""IWM"",""JPM"",""GS"",""BAC"",""XOM"",""CVX"",""SMH"",""TSM"",""VIXY"",""^NSEI"",""RELIANCE.NS"",""TCS.NS"",""INFY.NS"",""CQQQ"",""FXI""]","2.12.0+cu126","30","checkpoints\tiny_time_mixer_lb252_h21_in5_e30_2a00fcb3a7.history.json"
"tiny_time_mixer-pytorch-fp16-bs1-rep1","finished","-","","","2026-05-29T14:12:51.000Z","2","","12937","pytorch","1","17","31.233069080967955","true","checkpoints\tiny_time_mixer_lb252_h21_in5_e30_2a00fcb3a7.pt","AMD64 Family 25 Model 116 Stepping 1, AuthenticAMD","true","12.6","2015-01-01","0.37399505256648113","21","8.9","0","210","210","210","405","405","405","8188","8188","8188","538.84765625","538.84765625","538.84765625","0","0","0","NVIDIA GeForce RTX 4070 Laptop GPU","3.791","3.791","3.791","1","43","43","43","7.996","4","4","4","1.714799989713356","0.3969850001158193","0.3520499958540313","0.1998000079765916","0.6947850000869947","1.6376789931382525","252","0.4152880609035492","140.95130920410156","tiny_time_mixer","Windows-11-10.0.26200-SP0","169729","10.29931640625","22","fp16","3.12.10","1","1.5207332372665403","20260529-193609_tiny_time_mixer-informer_fp32-fp16_bs1-8-32","15.288","2840.505643450213","25","[""AAPL"",""MSFT"",""NVDA"",""AMD"",""META"",""GOOGL"",""AMZN"",""SPY"",""QQQ"",""DIA"",""IWM"",""JPM"",""GS"",""BAC"",""XOM"",""CVX"",""SMH"",""TSM"",""VIXY"",""^NSEI"",""RELIANCE.NS"",""TCS.NS"",""INFY.NS"",""CQQQ"",""FXI""]","2.12.0+cu126","30","checkpoints\tiny_time_mixer_lb252_h21_in5_e30_2a00fcb3a7.history.json"
"tiny_time_mixer-pytorch-fp16-bs1-rep2","finished","-","","","2026-05-29T14:13:20.000Z","2","","12937","pytorch","1","17","31.233069080967955","true","checkpoints\tiny_time_mixer_lb252_h21_in5_e30_2a00fcb3a7.pt","AMD64 Family 25 Model 116 Stepping 1, AuthenticAMD","true","12.6","2015-01-01","0.37399505256648113","21","8.9","0","210","210","210","405","405","405","8188","8188","8188","538.84765625","538.84765625","538.84765625","0","0","0","NVIDIA GeForce RTX 4070 Laptop GPU","1.869","1.869","1.869","1","43","43","43","7.996","3","3","3","1.6916000022320077","0.3116079993196763","0.2879999956348911","0.19239999528508633","0.4250600024533924","0.714073992567142","252","0.4152880609035492","140.95130920410156","tiny_time_mixer","Windows-11-10.0.26200-SP0","169729","10.29931640625","22","fp16","3.12.10","2","1.5207332372665403","20260529-193609_tiny_time_mixer-informer_fp32-fp16_bs1-8-32","15.288","3472.222274849404","25","[""AAPL"",""MSFT"",""NVDA"",""AMD"",""META"",""GOOGL"",""AMZN"",""SPY"",""QQQ"",""DIA"",""IWM"",""JPM"",""GS"",""BAC"",""XOM"",""CVX"",""SMH"",""TSM"",""VIXY"",""^NSEI"",""RELIANCE.NS"",""TCS.NS"",""INFY.NS"",""CQQQ"",""FXI""]","2.12.0+cu126","30","checkpoints\tiny_time_mixer_lb252_h21_in5_e30_2a00fcb3a7.history.json"
"tiny_time_mixer-pytorch-fp16-bs8-rep0","finished","-","","","2026-05-29T14:13:47.000Z","2","","12937","pytorch","8","17","31.233069080967955","true","checkpoints\tiny_time_mixer_lb252_h21_in5_e30_2a00fcb3a7.pt","AMD64 Family 25 Model 116 Stepping 1, AuthenticAMD","true","12.6","2015-01-01","0.37399505256648113","21","8.9","0","210","210","210","405","405","405","8188","8188","8188","538.84765625","538.84765625","538.84765625","0","0","0","NVIDIA GeForce RTX 4070 Laptop GPU","1.983","1.983","1.983","1","43","43","43","7.996","0","0","0","1.1749999976018444","0.43611500077531673","0.35660000139614567","0.2623000036692247","0.7451299985405058","0.8812669939652567","252","0.4152880609035492","140.95176696777344","tiny_time_mixer","Windows-11-10.0.26200-SP0","169729","10.31640625","22","fp16","3.12.10","0","1.5207332372665403","20260529-193609_tiny_time_mixer-informer_fp32-fp16_bs1-8-32","15.288","22434.099743911185","25","[""AAPL"",""MSFT"",""NVDA"",""AMD"",""META"",""GOOGL"",""AMZN"",""SPY"",""QQQ"",""DIA"",""IWM"",""JPM"",""GS"",""BAC"",""XOM"",""CVX"",""SMH"",""TSM"",""VIXY"",""^NSEI"",""RELIANCE.NS"",""TCS.NS"",""INFY.NS"",""CQQQ"",""FXI""]","2.12.0+cu126","30","checkpoints\tiny_time_mixer_lb252_h21_in5_e30_2a00fcb3a7.history.json"
"tiny_time_mixer-pytorch-fp16-bs8-rep1","finished","-","","","2026-05-29T14:14:14.000Z","2","","12937","pytorch","8","17","31.233069080967955","true","checkpoints\tiny_time_mixer_lb252_h21_in5_e30_2a00fcb3a7.pt","AMD64 Family 25 Model 116 Stepping 1, AuthenticAMD","true","12.6","2015-01-01","0.37399505256648113","21","8.9","0","210","210","210","405","405","405","8188","8188","8188","538.84765625","538.84765625","538.84765625","20","20","20","NVIDIA GeForce RTX 4070 Laptop GPU","3.538","3.538","3.538","1","43","43","43","7.996","21","21","21","2.3350999981630594","0.49758000051951967","0.4428500033100136","0.1805999927455559","0.7705100077146197","1.2266960003762564","252","0.4152880012989044","140.95176696777344","tiny_time_mixer","Windows-11-10.0.26200-SP0","169729","10.31640625","22","fp16","3.12.10","1","1.5207332372665403","20260529-193609_tiny_time_mixer-informer_fp32-fp16_bs1-8-32","15.288","18064.80736187251","25","[""AAPL"",""MSFT"",""NVDA"",""AMD"",""META"",""GOOGL"",""AMZN"",""SPY"",""QQQ"",""DIA"",""IWM"",""JPM"",""GS"",""BAC"",""XOM"",""CVX"",""SMH"",""TSM"",""VIXY"",""^NSEI"",""RELIANCE.NS"",""TCS.NS"",""INFY.NS"",""CQQQ"",""FXI""]","2.12.0+cu126","30","checkpoints\tiny_time_mixer_lb252_h21_in5_e30_2a00fcb3a7.history.json"
"tiny_time_mixer-pytorch-fp16-bs8-rep2","finished","-","","","2026-05-29T14:14:41.000Z","3","","12937","pytorch","8","17","31.233069080967955","true","checkpoints\tiny_time_mixer_lb252_h21_in5_e30_2a00fcb3a7.pt","AMD64 Family 25 Model 116 Stepping 1, AuthenticAMD","true","12.6","2015-01-01","0.37399505256648113","21","8.9","0","210","210","210","405","405","405","8188","8188","8188","538.84765625","538.84765625","538.84765625","0","0","0","NVIDIA GeForce RTX 4070 Laptop GPU","1.827","1.827","1.827","1","43","43","43","7.996","0","0","0","1.730599993607029","0.28543599968543276","0.24285000836243853","0.18300001102034005","0.42531999933999026","1.4039000126649643","252","0.4152880012989044","140.95217895507812","tiny_time_mixer","Windows-11-10.0.26200-SP0","169729","10.31640625","22","fp16","3.12.10","2","1.5207332372665403","20260529-193609_tiny_time_mixer-informer_fp32-fp16_bs1-8-32","15.288","32942.144222867384","25","[""AAPL"",""MSFT"",""NVDA"",""AMD"",""META"",""GOOGL"",""AMZN"",""SPY"",""QQQ"",""DIA"",""IWM"",""JPM"",""GS"",""BAC"",""XOM"",""CVX"",""SMH"",""TSM"",""VIXY"",""^NSEI"",""RELIANCE.NS"",""TCS.NS"",""INFY.NS"",""CQQQ"",""FXI""]","2.12.0+cu126","30","checkpoints\tiny_time_mixer_lb252_h21_in5_e30_2a00fcb3a7.history.json"
"tiny_time_mixer-pytorch-fp16-bs32-rep0","finished","-","","","2026-05-29T14:15:07.000Z","2","","12937","pytorch","32","17","31.233069080967955","true","checkpoints\tiny_time_mixer_lb252_h21_in5_e30_2a00fcb3a7.pt","AMD64 Family 25 Model 116 Stepping 1, AuthenticAMD","true","12.6","2015-01-01","0.37399505256648113","21","8.9","0","210","210","210","405","405","405","8188","8188","8188","538.84765625","538.84765625","538.84765625","0","0","0","NVIDIA GeForce RTX 4070 Laptop GPU","2.055","2.055","2.055","1","43","43","43","7.996","0","0","0","2.4036999966483563","0.3098540006612893","0.25499999173916876","0.19189999147783965","0.5991249992803201","1.4180559972010138","252","0.4152880012989044","140.95217895507812","tiny_time_mixer","Windows-11-10.0.26200-SP0","169729","10.3740234375","22","fp16","3.12.10","0","1.5207332372665403","20260529-193609_tiny_time_mixer-informer_fp32-fp16_bs1-8-32","15.288","125490.2001437387","25","[""AAPL"",""MSFT"",""NVDA"",""AMD"",""META"",""GOOGL"",""AMZN"",""SPY"",""QQQ"",""DIA"",""IWM"",""JPM"",""GS"",""BAC"",""XOM"",""CVX"",""SMH"",""TSM"",""VIXY"",""^NSEI"",""RELIANCE.NS"",""TCS.NS"",""INFY.NS"",""CQQQ"",""FXI""]","2.12.0+cu126","30","checkpoints\tiny_time_mixer_lb252_h21_in5_e30_2a00fcb3a7.history.json"
"tiny_time_mixer-pytorch-fp16-bs32-rep1","finished","-","","","2026-05-29T14:15:35.000Z","2","","12937","pytorch","32","17","31.233069080967955","true","checkpoints\tiny_time_mixer_lb252_h21_in5_e30_2a00fcb3a7.pt","AMD64 Family 25 Model 116 Stepping 1, AuthenticAMD","true","12.6","2015-01-01","0.37399505256648113","21","8.9","0","210","210","210","405","405","405","8188","8188","8188","538.84765625","538.84765625","538.84765625","16","16","16","NVIDIA GeForce RTX 4070 Laptop GPU","2.178","2.178","2.178","1","43","43","43","7.996","0","0","0","1.9298999977763744","0.31117400096263736","0.22425000497605652","0.1782000035746023","0.7246900007885412","1.5173670115473237","252","0.4152880012989044","140.95217895507812","tiny_time_mixer","Windows-11-10.0.26200-SP0","169729","10.3740234375","22","fp16","3.12.10","1","1.5207332372665403","20260529-193609_tiny_time_mixer-informer_fp32-fp16_bs1-8-32","15.288","142697.87866188312","25","[""AAPL"",""MSFT"",""NVDA"",""AMD"",""META"",""GOOGL"",""AMZN"",""SPY"",""QQQ"",""DIA"",""IWM"",""JPM"",""GS"",""BAC"",""XOM"",""CVX"",""SMH"",""TSM"",""VIXY"",""^NSEI"",""RELIANCE.NS"",""TCS.NS"",""INFY.NS"",""CQQQ"",""FXI""]","2.12.0+cu126","30","checkpoints\tiny_time_mixer_lb252_h21_in5_e30_2a00fcb3a7.history.json"
"tiny_time_mixer-pytorch-fp16-bs32-rep2","finished","-","","","2026-05-29T14:16:01.000Z","4","","12937","pytorch","32","17","31.233069080967955","true","checkpoints\tiny_time_mixer_lb252_h21_in5_e30_2a00fcb3a7.pt","AMD64 Family 25 Model 116 Stepping 1, AuthenticAMD","true","12.6","2015-01-01","0.37399505256648113","21","8.9","0","210","210","210","405","405","405","8188","8188","8188","538.84765625","538.84765625","538.84765625","0","0","0","NVIDIA GeForce RTX 4070 Laptop GPU","1.8","1.8","1.8","1","43","43","43","7.996","0","0","0","1.401899993652478","0.4006429994478822","0.33504999737488106","0.18429999181535095","0.8123550011077896","0.8720519929192988","252","0.4152880012989044","140.95263671875","tiny_time_mixer","Windows-11-10.0.26200-SP0","169729","10.3740234375","22","fp16","3.12.10","2","1.5207332372665403","20260529-193609_tiny_time_mixer-informer_fp32-fp16_bs1-8-32","15.288","95508.13386276738","25","[""AAPL"",""MSFT"",""NVDA"",""AMD"",""META"",""GOOGL"",""AMZN"",""SPY"",""QQQ"",""DIA"",""IWM"",""JPM"",""GS"",""BAC"",""XOM"",""CVX"",""SMH"",""TSM"",""VIXY"",""^NSEI"",""RELIANCE.NS"",""TCS.NS"",""INFY.NS"",""CQQQ"",""FXI""]","2.12.0+cu126","30","checkpoints\tiny_time_mixer_lb252_h21_in5_e30_2a00fcb3a7.history.json"
"informer-pytorch-fp32-bs1-rep0","finished","-","","","2026-05-29T14:21:00.000Z","4","","12937","pytorch","1","2","5.218360109281392","false","checkpoints\informer_lb252_h21_in5_e30_2a00fcb3a7.pt","AMD64 Family 25 Model 116 Stepping 1, AuthenticAMD","true","12.6","2015-01-01","0.49559369202226344","21","8.9","0","2460","2460","2460","8001","8001","8001","8188","8188","8188","572.84765625","572.84765625","572.84765625","31","10.333333333333334","0","NVIDIA GeForce RTX 4070 Laptop GPU","75.938","43.98733333333333","28.012","3","71","67","65","7.996","73","27","4","3.630199993494898","1.310095998487668","1.193400006741285","0.9515999990981072","2.1008750023611356","2.2666730123455707","252","0.10748154670000076","27.261463165283203","informer","Windows-11-10.0.26200-SP0","79745","129.85498046875","194","fp32","3.12.10","0","0.6030758023262024","20260529-193609_tiny_time_mixer-informer_fp32-fp16_bs1-8-32","15.288","837.9420096792306","25","[""AAPL"",""MSFT"",""NVDA"",""AMD"",""META"",""GOOGL"",""AMZN"",""SPY"",""QQQ"",""DIA"",""IWM"",""JPM"",""GS"",""BAC"",""XOM"",""CVX"",""SMH"",""TSM"",""VIXY"",""^NSEI"",""RELIANCE.NS"",""TCS.NS"",""INFY.NS"",""CQQQ"",""FXI""]","2.12.0+cu126","30","checkpoints\informer_lb252_h21_in5_e30_2a00fcb3a7.history.json"
"informer-pytorch-fp32-bs1-rep1","finished","-","","","2026-05-29T14:21:27.000Z","2","","12937","pytorch","1","2","5.218360109281392","true","checkpoints\informer_lb252_h21_in5_e30_2a00fcb3a7.pt","AMD64 Family 25 Model 116 Stepping 1, AuthenticAMD","true","12.6","2015-01-01","0.49559369202226344","21","8.9","0","210","210","210","405","405","405","8188","8188","8188","532.84765625","532.84765625","532.84765625","7","3.5","0","NVIDIA GeForce RTX 4070 Laptop GPU","4.666","4.519","4.372","4","54","54","54","7.996","67","33.5","0","3.9818999939598143","1.7405239996151067","1.810299996577669","0.9799999970709904","2.2721800014551263","3.0024929987848785","252","0.10748154670000076","27.261608123779297","informer","Windows-11-10.0.26200-SP0","79745","121.4208984375","166","fp32","3.12.10","1","0.6030758023262024","20260529-193609_tiny_time_mixer-informer_fp32-fp16_bs1-8-32","15.288","552.3946317684789","25","[""AAPL"",""MSFT"",""NVDA"",""AMD"",""META"",""GOOGL"",""AMZN"",""SPY"",""QQQ"",""DIA"",""IWM"",""JPM"",""GS"",""BAC"",""XOM"",""CVX"",""SMH"",""TSM"",""VIXY"",""^NSEI"",""RELIANCE.NS"",""TCS.NS"",""INFY.NS"",""CQQQ"",""FXI""]","2.12.0+cu126","30","checkpoints\informer_lb252_h21_in5_e30_2a00fcb3a7.history.json"
"informer-pytorch-fp32-bs1-rep2","finished","-","","","2026-05-29T14:21:58.000Z","3","","12937","pytorch","1","2","5.218360109281392","true","checkpoints\informer_lb252_h21_in5_e30_2a00fcb3a7.pt","AMD64 Family 25 Model 116 Stepping 1, AuthenticAMD","true","12.6","2015-01-01","0.49559369202226344","21","8.9","0","210","210","210","405","405","405","8188","8188","8188","532.84765625","532.84765625","532.84765625","27","27","27","NVIDIA GeForce RTX 4070 Laptop GPU","4.174","4.174","4.174","4","50","50","50","7.996","30","30","30","4.141000012168661","1.971349000086775","1.8609500039019624","1.755100005539134","2.4616950002382505","3.233862991037318","252","0.10748155415058136","27.26175117492676","informer","Windows-11-10.0.26200-SP0","79745","121.4208984375","166","fp32","3.12.10","2","0.6030758023262024","20260529-193609_tiny_time_mixer-informer_fp32-fp16_bs1-8-32","15.288","537.3599494361706","25","[""AAPL"",""MSFT"",""NVDA"",""AMD"",""META"",""GOOGL"",""AMZN"",""SPY"",""QQQ"",""DIA"",""IWM"",""JPM"",""GS"",""BAC"",""XOM"",""CVX"",""SMH"",""TSM"",""VIXY"",""^NSEI"",""RELIANCE.NS"",""TCS.NS"",""INFY.NS"",""CQQQ"",""FXI""]","2.12.0+cu126","30","checkpoints\informer_lb252_h21_in5_e30_2a00fcb3a7.history.json"
"informer-pytorch-fp32-bs8-rep0","finished","-","","","2026-05-29T14:22:34.000Z","3","","12937","pytorch","8","2","5.218360109281392","true","checkpoints\informer_lb252_h21_in5_e30_2a00fcb3a7.pt","AMD64 Family 25 Model 116 Stepping 1, AuthenticAMD","true","12.6","2015-01-01","0.49559369202226344","21","8.9","0","210","210","210","405","405","405","8188","8188","8188","534.84765625","534.84765625","534.84765625","6","6","6","NVIDIA GeForce RTX 4070 Laptop GPU","3.907","3.907","3.907","5","47","47","47","7.996","8","8","8","5.005899991374463","2.5155739983893","1.9767999910982328","0.8966999885160476","4.096605005179299","4.888485990522896","252","0.10748156905174255","27.261754989624023","informer","Windows-11-10.0.26200-SP0","79745","121.45458984375","168","fp32","3.12.10","0","0.6030758023262024","20260529-193609_tiny_time_mixer-informer_fp32-fp16_bs1-8-32","15.288","4046.944575083447","25","[""AAPL"",""MSFT"",""NVDA"",""AMD"",""META"",""GOOGL"",""AMZN"",""SPY"",""QQQ"",""DIA"",""IWM"",""JPM"",""GS"",""BAC"",""XOM"",""CVX"",""SMH"",""TSM"",""VIXY"",""^NSEI"",""RELIANCE.NS"",""TCS.NS"",""INFY.NS"",""CQQQ"",""FXI""]","2.12.0+cu126","30","checkpoints\informer_lb252_h21_in5_e30_2a00fcb3a7.history.json"
"informer-pytorch-fp32-bs8-rep1","finished","-","","","2026-05-29T14:23:10.000Z","2","","12937","pytorch","8","2","5.218360109281392","true","checkpoints\informer_lb252_h21_in5_e30_2a00fcb3a7.pt","AMD64 Family 25 Model 116 Stepping 1, AuthenticAMD","true","12.6","2015-01-01","0.49559369202226344","21","8.9","0","210","210","210","405","405","405","8188","8188","8188","534.84765625","534.84765625","534.84765625","26","26","26","NVIDIA GeForce RTX 4070 Laptop GPU","5.222","5.222","5.222","6","46","46","46","7.996","18","18","18","5.776300007710233","2.688349001255119","2.635100005136337","0.9132999985013156","3.895345004275441","4.592457997350727","252","0.10748155415058136","27.261754989624023","informer","Windows-11-10.0.26200-SP0","79745","121.45458984375","168","fp32","3.12.10","1","0.6030758023262024","20260529-193609_tiny_time_mixer-informer_fp32-fp16_bs1-8-32","15.288","3035.9379091519863","25","[""AAPL"",""MSFT"",""NVDA"",""AMD"",""META"",""GOOGL"",""AMZN"",""SPY"",""QQQ"",""DIA"",""IWM"",""JPM"",""GS"",""BAC"",""XOM"",""CVX"",""SMH"",""TSM"",""VIXY"",""^NSEI"",""RELIANCE.NS"",""TCS.NS"",""INFY.NS"",""CQQQ"",""FXI""]","2.12.0+cu126","30","checkpoints\informer_lb252_h21_in5_e30_2a00fcb3a7.history.json"
"informer-pytorch-fp32-bs8-rep2","finished","-","","","2026-05-29T14:23:40.000Z","3","","12937","pytorch","8","2","5.218360109281392","true","checkpoints\informer_lb252_h21_in5_e30_2a00fcb3a7.pt","AMD64 Family 25 Model 116 Stepping 1, AuthenticAMD","true","12.6","2015-01-01","0.49559369202226344","21","8.9","0","210","210","210","405","405","405","8188","8188","8188","534.84765625","534.84765625","534.84765625","28","28","28","NVIDIA GeForce RTX 4070 Laptop GPU","4.452","4.452","4.452","6","45","45","45","7.996","35","35","35","5.066499987151474","2.742364999576239","2.693349997571204","0.9012000082293524","3.8941500075452495","4.715742995904295","252","0.10748156905174255","27.261754989624023","informer","Windows-11-10.0.26200-SP0","79745","121.45458984375","168","fp32","3.12.10","2","0.6030758023262024","20260529-193609_tiny_time_mixer-informer_fp32-fp16_bs1-8-32","15.288","2970.278651944308","25","[""AAPL"",""MSFT"",""NVDA"",""AMD"",""META"",""GOOGL"",""AMZN"",""SPY"",""QQQ"",""DIA"",""IWM"",""JPM"",""GS"",""BAC"",""XOM"",""CVX"",""SMH"",""TSM"",""VIXY"",""^NSEI"",""RELIANCE.NS"",""TCS.NS"",""INFY.NS"",""CQQQ"",""FXI""]","2.12.0+cu126","30","checkpoints\informer_lb252_h21_in5_e30_2a00fcb3a7.history.json"
"informer-pytorch-fp32-bs32-rep0","finished","-","","","2026-05-29T14:24:10.000Z","3","","12937","pytorch","32","2","5.218360109281392","true","checkpoints\informer_lb252_h21_in5_e30_2a00fcb3a7.pt","AMD64 Family 25 Model 116 Stepping 1, AuthenticAMD","true","12.6","2015-01-01","0.49559369202226344","21","8.9","0","210","210","210","405","405","405","8188","8188","8188","552.84765625","552.84765625","552.84765625","11","11","11","NVIDIA GeForce RTX 4070 Laptop GPU","2.413","2.413","2.413","5","45","45","45","7.996","33","33","33","7.632299995748326","2.5044529994193","1.6075499952421524","1.5293999895220622","7.234930000413442","7.340745008696105","252","0.10748156905174255","27.262046813964844","informer","Windows-11-10.0.26200-SP0","79745","122.05810546875","170","fp32","3.12.10","0","0.6030758023262024","20260529-193609_tiny_time_mixer-informer_fp32-fp16_bs1-8-32","15.288","19906.068299405953","25","[""AAPL"",""MSFT"",""NVDA"",""AMD"",""META"",""GOOGL"",""AMZN"",""SPY"",""QQQ"",""DIA"",""IWM"",""JPM"",""GS"",""BAC"",""XOM"",""CVX"",""SMH"",""TSM"",""VIXY"",""^NSEI"",""RELIANCE.NS"",""TCS.NS"",""INFY.NS"",""CQQQ"",""FXI""]","2.12.0+cu126","30","checkpoints\informer_lb252_h21_in5_e30_2a00fcb3a7.history.json"
"informer-pytorch-fp32-bs32-rep1","finished","-","","","2026-05-29T14:24:39.000Z","3","","12937","pytorch","32","2","5.218360109281392","true","checkpoints\informer_lb252_h21_in5_e30_2a00fcb3a7.pt","AMD64 Family 25 Model 116 Stepping 1, AuthenticAMD","true","12.6","2015-01-01","0.49559369202226344","21","8.9","0","315","294","210","405","405","405","8188","8188","8188","552.84765625","552.84765625","552.84765625","9","7.2","0","NVIDIA GeForce RTX 4070 Laptop GPU","6.128","5.2928","1.952","5","45","45","45","7.996","77","62.6","5","9.865899992291816","2.4722970003494993","1.6351500016753562","1.534800001536496","8.242040000186535","9.229429000843089","252","0.10748156905174255","27.262046813964844","informer","Windows-11-10.0.26200-SP0","79745","122.05810546875","170","fp32","3.12.10","1","0.6030758023262024","20260529-193609_tiny_time_mixer-informer_fp32-fp16_bs1-8-32","15.288","19570.07000410553","25","[""AAPL"",""MSFT"",""NVDA"",""AMD"",""META"",""GOOGL"",""AMZN"",""SPY"",""QQQ"",""DIA"",""IWM"",""JPM"",""GS"",""BAC"",""XOM"",""CVX"",""SMH"",""TSM"",""VIXY"",""^NSEI"",""RELIANCE.NS"",""TCS.NS"",""INFY.NS"",""CQQQ"",""FXI""]","2.12.0+cu126","30","checkpoints\informer_lb252_h21_in5_e30_2a00fcb3a7.history.json"
"informer-pytorch-fp32-bs32-rep2","finished","-","","","2026-05-29T14:25:10.000Z","3","","12937","pytorch","32","2","5.218360109281392","true","checkpoints\informer_lb252_h21_in5_e30_2a00fcb3a7.pt","AMD64 Family 25 Model 116 Stepping 1, AuthenticAMD","true","12.6","2015-01-01","0.49559369202226344","21","8.9","0","390","330","210","405","405","405","8188","8188","8188","552.84765625","552.84765625","552.84765625","16","10.666666666666666","0","NVIDIA GeForce RTX 4070 Laptop GPU","2.916","2.590333333333333","1.939","6","45","45","45","7.996","72","49.666666666666664","5","7.467700008419342","2.7064249996328726","1.6797499993117526","1.5340999962063506","6.686679997801548","6.893599002069098","252","0.10748157650232316","27.262189865112305","informer","Windows-11-10.0.26200-SP0","79745","122.05810546875","170","fp32","3.12.10","2","0.6030758023262024","20260529-193609_tiny_time_mixer-informer_fp32-fp16_bs1-8-32","15.288","19050.45394440329","25","[""AAPL"",""MSFT"",""NVDA"",""AMD"",""META"",""GOOGL"",""AMZN"",""SPY"",""QQQ"",""DIA"",""IWM"",""JPM"",""GS"",""BAC"",""XOM"",""CVX"",""SMH"",""TSM"",""VIXY"",""^NSEI"",""RELIANCE.NS"",""TCS.NS"",""INFY.NS"",""CQQQ"",""FXI""]","2.12.0+cu126","30","checkpoints\informer_lb252_h21_in5_e30_2a00fcb3a7.history.json"
"informer-pytorch-fp16-bs1-rep0","finished","-","","","2026-05-29T14:25:40.000Z","3","","12937","pytorch","1","2","5.218360109281392","true","checkpoints\informer_lb252_h21_in5_e30_2a00fcb3a7.pt","AMD64 Family 25 Model 116 Stepping 1, AuthenticAMD","true","12.6","2015-01-01","0.4294990723562152","21","8.9","0","210","210","210","405","405","405","8188","8188","8188","538.84765625","538.84765625","538.84765625","5","5","5","NVIDIA GeForce RTX 4070 Laptop GPU","1.95","1.95","1.95","3","45","45","45","7.996","6","6","6","4.0311999910045415","1.3880030003201682","1.2351000113994814","0.945399995543994","2.1081100006995257","3.464821000234227","252","0.10749656707048416","27.26980781555176","informer","Windows-11-10.0.26200-SP0","79745","64.40283203125","86","fp16","3.12.10","0","0.6030736565589905","20260529-193609_tiny_time_mixer-informer_fp32-fp16_bs1-8-32","15.288","809.6510329288301","25","[""AAPL"",""MSFT"",""NVDA"",""AMD"",""META"",""GOOGL"",""AMZN"",""SPY"",""QQQ"",""DIA"",""IWM"",""JPM"",""GS"",""BAC"",""XOM"",""CVX"",""SMH"",""TSM"",""VIXY"",""^NSEI"",""RELIANCE.NS"",""TCS.NS"",""INFY.NS"",""CQQQ"",""FXI""]","2.12.0+cu126","30","checkpoints\informer_lb252_h21_in5_e30_2a00fcb3a7.history.json"
"informer-pytorch-fp16-bs1-rep1","finished","-","","","2026-05-29T14:26:14.000Z","4","","12937","pytorch","1","2","5.218360109281392","true","checkpoints\informer_lb252_h21_in5_e30_2a00fcb3a7.pt","AMD64 Family 25 Model 116 Stepping 1, AuthenticAMD","true","12.6","2015-01-01","0.4294990723562152","21","8.9","0","210","210","210","405","405","405","8188","8188","8188","538.84765625","538.84765625","538.84765625","14","14","14","NVIDIA GeForce RTX 4070 Laptop GPU","2.076","2.076","2.076","3","44","44","44","7.996","14","14","14","2.967799999169074","1.4710420000483282","1.389799996104557","0.9616000024834648","2.1439999967697076","2.6426840014755744","252","0.10749658942222597","27.26995277404785","informer","Windows-11-10.0.26200-SP0","79745","64.40283203125","86","fp16","3.12.10","1","0.6030736565589905","20260529-193609_tiny_time_mixer-informer_fp32-fp16_bs1-8-32","15.288","719.5279916555477","25","[""AAPL"",""MSFT"",""NVDA"",""AMD"",""META"",""GOOGL"",""AMZN"",""SPY"",""QQQ"",""DIA"",""IWM"",""JPM"",""GS"",""BAC"",""XOM"",""CVX"",""SMH"",""TSM"",""VIXY"",""^NSEI"",""RELIANCE.NS"",""TCS.NS"",""INFY.NS"",""CQQQ"",""FXI""]","2.12.0+cu126","30","checkpoints\informer_lb252_h21_in5_e30_2a00fcb3a7.history.json"
"informer-pytorch-fp16-bs1-rep2","finished","-","","","2026-05-29T14:26:46.000Z","3","","12937","pytorch","1","2","5.218360109281392","true","checkpoints\informer_lb252_h21_in5_e30_2a00fcb3a7.pt","AMD64 Family 25 Model 116 Stepping 1, AuthenticAMD","true","12.6","2015-01-01","0.4294990723562152","21","8.9","0","210","210","210","405","405","405","8188","8188","8188","538.84765625","538.84765625","538.84765625","6","6","6","NVIDIA GeForce RTX 4070 Laptop GPU","4.226","4.226","4.226","4","44","44","44","7.996","10","10","10","3.882200006046333","1.6054709999298211","1.4603500021621585","1.0040000051958486","2.331210009288043","3.177022995660085","252","0.10749659687280656","27.270099639892575","informer","Windows-11-10.0.26200-SP0","79745","64.40283203125","86","fp16","3.12.10","2","0.6030736565589905","20260529-193609_tiny_time_mixer-informer_fp32-fp16_bs1-8-32","15.288","684.7673492788882","25","[""AAPL"",""MSFT"",""NVDA"",""AMD"",""META"",""GOOGL"",""AMZN"",""SPY"",""QQQ"",""DIA"",""IWM"",""JPM"",""GS"",""BAC"",""XOM"",""CVX"",""SMH"",""TSM"",""VIXY"",""^NSEI"",""RELIANCE.NS"",""TCS.NS"",""INFY.NS"",""CQQQ"",""FXI""]","2.12.0+cu126","30","checkpoints\informer_lb252_h21_in5_e30_2a00fcb3a7.history.json"
"informer-pytorch-fp16-bs8-rep0","finished","-","","","2026-05-29T14:27:18.000Z","3","","12937","pytorch","8","2","5.218360109281392","true","checkpoints\informer_lb252_h21_in5_e30_2a00fcb3a7.pt","AMD64 Family 25 Model 116 Stepping 1, AuthenticAMD","true","12.6","2015-01-01","0.4294990723562152","21","8.9","0","285","228.75","210","405","405","405","8188","8188","8188","540.84765625","540.84765625","540.84765625","44","34.25","5","NVIDIA GeForce RTX 4070 Laptop GPU","2.675","2.18525","2.022","4","44","44","44","7.996","73","22.75","6","11.510700001963414","1.7458299999998417","1.6439000028185546","1.25639999168925","2.6870749992667697","3.5411009972449805","252","0.10749658942222597","27.270248413085938","informer","Windows-11-10.0.26200-SP0","79745","64.419921875","88","fp16","3.12.10","0","0.6030735969543457","20260529-193609_tiny_time_mixer-informer_fp32-fp16_bs1-8-32","15.288","4866.476054677031","25","[""AAPL"",""MSFT"",""NVDA"",""AMD"",""META"",""GOOGL"",""AMZN"",""SPY"",""QQQ"",""DIA"",""IWM"",""JPM"",""GS"",""BAC"",""XOM"",""CVX"",""SMH"",""TSM"",""VIXY"",""^NSEI"",""RELIANCE.NS"",""TCS.NS"",""INFY.NS"",""CQQQ"",""FXI""]","2.12.0+cu126","30","checkpoints\informer_lb252_h21_in5_e30_2a00fcb3a7.history.json"
"informer-pytorch-fp16-bs8-rep1","finished","-","","","2026-05-29T14:27:46.000Z","3","","12937","pytorch","8","2","5.218360109281392","true","checkpoints\informer_lb252_h21_in5_e30_2a00fcb3a7.pt","AMD64 Family 25 Model 116 Stepping 1, AuthenticAMD","true","12.6","2015-01-01","0.4294990723562152","21","8.9","0","210","210","210","405","405","405","8188","8188","8188","540.84765625","540.84765625","540.84765625","8","8","8","NVIDIA GeForce RTX 4070 Laptop GPU","3.984","3.984","3.984","4","44","44","44","7.996","17","17","17","3.5079000081168488","1.7486330003885089","1.6739999991841614","1.0393999982625246","2.54868999691098","3.4297890040033967","252","0.10749658942222597","27.26995277404785","informer","Windows-11-10.0.26200-SP0","79745","64.419921875","88","fp16","3.12.10","1","0.6030736565589905","20260529-193609_tiny_time_mixer-informer_fp32-fp16_bs1-8-32","15.288","4778.972523237079","25","[""AAPL"",""MSFT"",""NVDA"",""AMD"",""META"",""GOOGL"",""AMZN"",""SPY"",""QQQ"",""DIA"",""IWM"",""JPM"",""GS"",""BAC"",""XOM"",""CVX"",""SMH"",""TSM"",""VIXY"",""^NSEI"",""RELIANCE.NS"",""TCS.NS"",""INFY.NS"",""CQQQ"",""FXI""]","2.12.0+cu126","30","checkpoints\informer_lb252_h21_in5_e30_2a00fcb3a7.history.json"
"informer-pytorch-fp16-bs8-rep2","finished","-","","","2026-05-29T14:28:14.000Z","4","","12937","pytorch","8","2","5.218360109281392","true","checkpoints\informer_lb252_h21_in5_e30_2a00fcb3a7.pt","AMD64 Family 25 Model 116 Stepping 1, AuthenticAMD","true","12.6","2015-01-01","0.4294990723562152","21","8.9","0","210","210","210","405","405","405","8188","8188","8188","540.84765625","540.84765625","540.84765625","8","2","0","NVIDIA GeForce RTX 4070 Laptop GPU","2.764","2.0935","1.87","4","44","44","44","7.996","64","22","8","5.733300000429153","1.8266869999933988","1.694900005531963","1.3846000074408948","2.619060003780759","4.177613996726003","252","0.10749656707048416","27.26980781555176","informer","Windows-11-10.0.26200-SP0","79745","64.419921875","88","fp16","3.12.10","2","0.6030736565589905","20260529-193609_tiny_time_mixer-informer_fp32-fp16_bs1-8-32","15.288","4720.0424649766355","25","[""AAPL"",""MSFT"",""NVDA"",""AMD"",""META"",""GOOGL"",""AMZN"",""SPY"",""QQQ"",""DIA"",""IWM"",""JPM"",""GS"",""BAC"",""XOM"",""CVX"",""SMH"",""TSM"",""VIXY"",""^NSEI"",""RELIANCE.NS"",""TCS.NS"",""INFY.NS"",""CQQQ"",""FXI""]","2.12.0+cu126","30","checkpoints\informer_lb252_h21_in5_e30_2a00fcb3a7.history.json"
"informer-pytorch-fp16-bs32-rep0","finished","-","","","2026-05-29T14:28:45.000Z","2","","12937","pytorch","32","2","5.218360109281392","true","checkpoints\informer_lb252_h21_in5_e30_2a00fcb3a7.pt","AMD64 Family 25 Model 116 Stepping 1, AuthenticAMD","true","12.6","2015-01-01","0.4294990723562152","21","8.9","0","210","210","210","405","405","405","8188","8188","8188","542.84765625","542.84765625","542.84765625","3","3","3","NVIDIA GeForce RTX 4070 Laptop GPU","3.904","3.904","3.904","5","44","44","44","7.996","16","16","16","5.3054000018164515","2.24823100012145","1.5867000111029483","0.893999997060746","4.5949050021590665","4.875541998917472","252","0.10749656707048416","27.26966094970703","informer","Windows-11-10.0.26200-SP0","79745","64.4775390625","90","fp16","3.12.10","0","0.6030736565589905","20260529-193609_tiny_time_mixer-informer_fp32-fp16_bs1-8-32","15.288","20167.64339577721","25","[""AAPL"",""MSFT"",""NVDA"",""AMD"",""META"",""GOOGL"",""AMZN"",""SPY"",""QQQ"",""DIA"",""IWM"",""JPM"",""GS"",""BAC"",""XOM"",""CVX"",""SMH"",""TSM"",""VIXY"",""^NSEI"",""RELIANCE.NS"",""TCS.NS"",""INFY.NS"",""CQQQ"",""FXI""]","2.12.0+cu126","30","checkpoints\informer_lb252_h21_in5_e30_2a00fcb3a7.history.json"
"informer-pytorch-fp16-bs32-rep1","finished","-","","","2026-05-29T14:29:14.000Z","3","","12937","pytorch","32","2","5.218360109281392","true","checkpoints\informer_lb252_h21_in5_e30_2a00fcb3a7.pt","AMD64 Family 25 Model 116 Stepping 1, AuthenticAMD","true","12.6","2015-01-01","0.4294990723562152","21","8.9","0","210","210","210","405","405","405","8188","8188","8188","542.84765625","542.84765625","542.84765625","14","14","14","NVIDIA GeForce RTX 4070 Laptop GPU","4.107","4.107","4.107","5","44","44","44","7.996","10","10","10","6.506800011266023","2.341570998542011","1.3601500031654723","0.8718000026419759","4.245050001190975","4.75449999430567","252","0.10749656707048416","27.26966094970703","informer","Windows-11-10.0.26200-SP0","79745","64.4775390625","90","fp16","3.12.10","1","0.6030736565589905","20260529-193609_tiny_time_mixer-informer_fp32-fp16_bs1-8-32","15.288","23526.816840441505","25","[""AAPL"",""MSFT"",""NVDA"",""AMD"",""META"",""GOOGL"",""AMZN"",""SPY"",""QQQ"",""DIA"",""IWM"",""JPM"",""GS"",""BAC"",""XOM"",""CVX"",""SMH"",""TSM"",""VIXY"",""^NSEI"",""RELIANCE.NS"",""TCS.NS"",""INFY.NS"",""CQQQ"",""FXI""]","2.12.0+cu126","30","checkpoints\informer_lb252_h21_in5_e30_2a00fcb3a7.history.json"
"informer-pytorch-fp16-bs32-rep2","finished","-","","","2026-05-29T14:29:41.000Z","3","","12937","pytorch","32","2","5.218360109281392","true","checkpoints\informer_lb252_h21_in5_e30_2a00fcb3a7.pt","AMD64 Family 25 Model 116 Stepping 1, AuthenticAMD","true","12.6","2015-01-01","0.4294990723562152","21","8.9","0","210","210","210","405","405","405","8188","8188","8188","542.84765625","542.84765625","542.84765625","20","20","20","NVIDIA GeForce RTX 4070 Laptop GPU","3.948","3.948","3.948","4","44","44","44","7.996","24","24","24","6.580999994184822","1.8298690000665376","1.0230499974568374","0.8559999987483025","4.496009991999017","4.992247998015963","252","0.10749656707048416","27.26980781555176","informer","Windows-11-10.0.26200-SP0","79745","64.4775390625","90","fp16","3.12.10","2","0.6030736565589905","20260529-193609_tiny_time_mixer-informer_fp32-fp16_bs1-8-32","15.288","31279.01869854614","25","[""AAPL"",""MSFT"",""NVDA"",""AMD"",""META"",""GOOGL"",""AMZN"",""SPY"",""QQQ"",""DIA"",""IWM"",""JPM"",""GS"",""BAC"",""XOM"",""CVX"",""SMH"",""TSM"",""VIXY"",""^NSEI"",""RELIANCE.NS"",""TCS.NS"",""INFY.NS"",""CQQQ"",""FXI""]","2.12.0+cu126","30","checkpoints\informer_lb252_h21_in5_e30_2a00fcb3a7.history.json"
"lstm-pytorch-fp32-bs1-rep0","finished","-","","","2026-05-29T14:36:22.000Z","2","","12937","pytorch","1","27","4.049888080009391","false","checkpoints\lstm_lb252_h21_in5_e30_2a00fcb3a7.pt","AMD64 Family 25 Model 116 Stepping 1, AuthenticAMD","true","12.6","2015-01-01","0.49203772418058134","21","8.9","0","1980","1980","1980","8001","8001","8001","8188","8188","8188","628.84765625","628.84765625","628.84765625","0","0","0","NVIDIA GeForce RTX 4070 Laptop GPU","20.587","20.587","20.587","2","53","53","53","7.996","6","6","6","1.662100010435097","0.6473169998207595","0.6060499945306219","0.5027000006521121","0.8722300066438037","0.993553005246216","252","0.07811282575130463","22.28194236755371","lstm","Windows-11-10.0.26200-SP0","51521","369.36181640625","442","fp32","3.12.10","0","0.5411666035652161","20260529-200426_lstm-transformer_fp32-fp16_bs1-8-32","15.288","1650.0288903962246","25","[""AAPL"",""MSFT"",""NVDA"",""AMD"",""META"",""GOOGL"",""AMZN"",""SPY"",""QQQ"",""DIA"",""IWM"",""JPM"",""GS"",""BAC"",""XOM"",""CVX"",""SMH"",""TSM"",""VIXY"",""^NSEI"",""RELIANCE.NS"",""TCS.NS"",""INFY.NS"",""CQQQ"",""FXI""]","2.12.0+cu126","30","checkpoints\lstm_lb252_h21_in5_e30_2a00fcb3a7.history.json"
"lstm-pytorch-fp32-bs1-rep1","finished","-","","","2026-05-29T14:36:53.000Z","3","","12937","pytorch","1","27","4.049888080009391","true","checkpoints\lstm_lb252_h21_in5_e30_2a00fcb3a7.pt","AMD64 Family 25 Model 116 Stepping 1, AuthenticAMD","true","12.6","2015-01-01","0.49203772418058134","21","8.9","0","210","210","210","405","405","405","8188","8188","8188","532.84765625","532.84765625","532.84765625","0","0","0","NVIDIA GeForce RTX 4070 Laptop GPU","4.403","4.403","4.403","5","48","48","48","7.996","0","0","0","3.955099993618205","2.390999998897314","2.022949993261136","1.8420999986119568","3.5659999957715627","3.922430004167836","252","0.07811284810304642","22.282148361206055","lstm","Windows-11-10.0.26200-SP0","51521","361.28955078125","372","fp32","3.12.10","1","0.5411666035652161","20260529-200426_lstm-transformer_fp32-fp16_bs1-8-32","15.288","494.327592541193","25","[""AAPL"",""MSFT"",""NVDA"",""AMD"",""META"",""GOOGL"",""AMZN"",""SPY"",""QQQ"",""DIA"",""IWM"",""JPM"",""GS"",""BAC"",""XOM"",""CVX"",""SMH"",""TSM"",""VIXY"",""^NSEI"",""RELIANCE.NS"",""TCS.NS"",""INFY.NS"",""CQQQ"",""FXI""]","2.12.0+cu126","30","checkpoints\lstm_lb252_h21_in5_e30_2a00fcb3a7.history.json"
"lstm-pytorch-fp32-bs1-rep2","finished","-","","","2026-05-29T14:37:20.000Z","3","","12937","pytorch","1","27","4.049888080009391","true","checkpoints\lstm_lb252_h21_in5_e30_2a00fcb3a7.pt","AMD64 Family 25 Model 116 Stepping 1, AuthenticAMD","true","12.6","2015-01-01","0.49203772418058134","21","8.9","0","255","217.5","210","405","405","405","8188","8188","8188","532.84765625","532.84765625","532.84765625","5","0.8333333333333334","0","NVIDIA GeForce RTX 4070 Laptop GPU","4.454","3.019833333333333","2.733","6","46","46","46","7.996","85","14.166666666666666","0","3.9424999995389953","2.526835000171559","2.485699995304458","0.4855000006500632","3.5204000007070135","3.9325999961874913","252","0.07811283320188522","22.282047271728516","lstm","Windows-11-10.0.26200-SP0","51521","361.28955078125","372","fp32","3.12.10","2","0.5411666035652161","20260529-200426_lstm-transformer_fp32-fp16_bs1-8-32","15.288","402.30116341031584","25","[""AAPL"",""MSFT"",""NVDA"",""AMD"",""META"",""GOOGL"",""AMZN"",""SPY"",""QQQ"",""DIA"",""IWM"",""JPM"",""GS"",""BAC"",""XOM"",""CVX"",""SMH"",""TSM"",""VIXY"",""^NSEI"",""RELIANCE.NS"",""TCS.NS"",""INFY.NS"",""CQQQ"",""FXI""]","2.12.0+cu126","30","checkpoints\lstm_lb252_h21_in5_e30_2a00fcb3a7.history.json"
"lstm-pytorch-fp32-bs8-rep0","finished","-","","","2026-05-29T14:37:46.000Z","3","","12937","pytorch","8","27","4.049888080009391","true","checkpoints\lstm_lb252_h21_in5_e30_2a00fcb3a7.pt","AMD64 Family 25 Model 116 Stepping 1, AuthenticAMD","true","12.6","2015-01-01","0.49203772418058134","21","8.9","0","210","210","210","405","405","405","8188","8188","8188","536.84765625","536.84765625","536.84765625","8","6.666666666666667","0","NVIDIA GeForce RTX 4070 Laptop GPU","4.839","4.268166666666667","4.154","6","45","45","45","7.996","51","42.5","0","4.4276999979047105","2.53894599940395","2.3554000072181225","2.140299999155104","3.327045007608831","4.031600992748283","252","0.07811284810304642","22.282148361206055","lstm","Windows-11-10.0.26200-SP0","51521","361.3232421875","376","fp32","3.12.10","0","0.5411666035652161","20260529-200426_lstm-transformer_fp32-fp16_bs1-8-32","15.288","3396.4506986006636","25","[""AAPL"",""MSFT"",""NVDA"",""AMD"",""META"",""GOOGL"",""AMZN"",""SPY"",""QQQ"",""DIA"",""IWM"",""JPM"",""GS"",""BAC"",""XOM"",""CVX"",""SMH"",""TSM"",""VIXY"",""^NSEI"",""RELIANCE.NS"",""TCS.NS"",""INFY.NS"",""CQQQ"",""FXI""]","2.12.0+cu126","30","checkpoints\lstm_lb252_h21_in5_e30_2a00fcb3a7.history.json"
"lstm-pytorch-fp32-bs8-rep1","finished","-","","","2026-05-29T14:38:15.000Z","4","","12937","pytorch","8","27","4.049888080009391","true","checkpoints\lstm_lb252_h21_in5_e30_2a00fcb3a7.pt","AMD64 Family 25 Model 116 Stepping 1, AuthenticAMD","true","12.6","2015-01-01","0.49203772418058134","21","8.9","0","210","210","210","405","405","405","8188","8188","8188","536.84765625","536.84765625","536.84765625","5","5","5","NVIDIA GeForce RTX 4070 Laptop GPU","4.066","4.066","4.066","6","45","45","45","7.996","3","3","3","4.066699999384582","2.578470998996636","2.7479999989736825","0.5773000011686236","3.467229989473708","3.992845998873236","252","0.07811286300420761","22.28235244750977","lstm","Windows-11-10.0.26200-SP0","51521","361.3232421875","376","fp32","3.12.10","1","0.5411666035652161","20260529-200426_lstm-transformer_fp32-fp16_bs1-8-32","15.288","2911.208152470096","25","[""AAPL"",""MSFT"",""NVDA"",""AMD"",""META"",""GOOGL"",""AMZN"",""SPY"",""QQQ"",""DIA"",""IWM"",""JPM"",""GS"",""BAC"",""XOM"",""CVX"",""SMH"",""TSM"",""VIXY"",""^NSEI"",""RELIANCE.NS"",""TCS.NS"",""INFY.NS"",""CQQQ"",""FXI""]","2.12.0+cu126","30","checkpoints\lstm_lb252_h21_in5_e30_2a00fcb3a7.history.json"
"lstm-pytorch-fp32-bs8-rep2","finished","-","","","2026-05-29T14:38:43.000Z","2","","12937","pytorch","8","27","4.049888080009391","true","checkpoints\lstm_lb252_h21_in5_e30_2a00fcb3a7.pt","AMD64 Family 25 Model 116 Stepping 1, AuthenticAMD","true","12.6","2015-01-01","0.49203772418058134","21","8.9","0","210","210","210","405","405","405","8188","8188","8188","536.84765625","536.84765625","536.84765625","9","9","9","NVIDIA GeForce RTX 4070 Laptop GPU","4.03","4.03","4.03","5","44","44","44","7.996","17","17","17","6.2501999927917495","2.50411199987866","1.9057500030612573","1.7521999980090186","4.038985005900029","5.60036400042009","252","0.07811285555362701","22.28225326538086","lstm","Windows-11-10.0.26200-SP0","51521","361.3232421875","376","fp32","3.12.10","2","0.5411666035652161","20260529-200426_lstm-transformer_fp32-fp16_bs1-8-32","15.288","4197.822372897487","25","[""AAPL"",""MSFT"",""NVDA"",""AMD"",""META"",""GOOGL"",""AMZN"",""SPY"",""QQQ"",""DIA"",""IWM"",""JPM"",""GS"",""BAC"",""XOM"",""CVX"",""SMH"",""TSM"",""VIXY"",""^NSEI"",""RELIANCE.NS"",""TCS.NS"",""INFY.NS"",""CQQQ"",""FXI""]","2.12.0+cu126","30","checkpoints\lstm_lb252_h21_in5_e30_2a00fcb3a7.history.json"
"lstm-pytorch-fp32-bs32-rep0","finished","-","","","2026-05-29T14:39:08.000Z","3","","12937","pytorch","32","27","4.049888080009391","true","checkpoints\lstm_lb252_h21_in5_e30_2a00fcb3a7.pt","AMD64 Family 25 Model 116 Stepping 1, AuthenticAMD","true","12.6","2015-01-01","0.49203772418058134","21","8.9","0","360","270","210","405","405","405","8188","8188","8188","574.84765625","574.84765625","574.84765625","5","3.2","2","NVIDIA GeForce RTX 4070 Laptop GPU","4.831","3.928","3.326","5","44","44","44","7.996","73","29.2","0","4.226400007610209","2.4822449999919627","2.165800004149787","1.986700008274056","3.3845399957499462","3.919203002296856","252","0.07811285555362701","22.28225326538086","lstm","Windows-11-10.0.26200-SP0","51521","361.9267578125","398","fp32","3.12.10","0","0.5411666035652161","20260529-200426_lstm-transformer_fp32-fp16_bs1-8-32","15.288","14775.140797251044","25","[""AAPL"",""MSFT"",""NVDA"",""AMD"",""META"",""GOOGL"",""AMZN"",""SPY"",""QQQ"",""DIA"",""IWM"",""JPM"",""GS"",""BAC"",""XOM"",""CVX"",""SMH"",""TSM"",""VIXY"",""^NSEI"",""RELIANCE.NS"",""TCS.NS"",""INFY.NS"",""CQQQ"",""FXI""]","2.12.0+cu126","30","checkpoints\lstm_lb252_h21_in5_e30_2a00fcb3a7.history.json"
"lstm-pytorch-fp32-bs32-rep1","finished","-","","","2026-05-29T14:39:40.000Z","5","","12937","pytorch","32","27","4.049888080009391","true","checkpoints\lstm_lb252_h21_in5_e30_2a00fcb3a7.pt","AMD64 Family 25 Model 116 Stepping 1, AuthenticAMD","true","12.6","2015-01-01","0.49203772418058134","21","8.9","0","210","210","210","405","405","405","8188","8188","8188","574.84765625","574.84765625","574.84765625","5","5","5","NVIDIA GeForce RTX 4070 Laptop GPU","3.642","3.642","3.642","6","44","44","44","7.996","1","1","1","5.66709999111481","2.519240999245085","2.024399997026194","1.8623999931151047","3.7412249919725578","4.215165999485187","252","0.07811286300420761","22.28235244750977","lstm","Windows-11-10.0.26200-SP0","51521","361.9267578125","398","fp32","3.12.10","1","0.5411666035652161","20260529-200426_lstm-transformer_fp32-fp16_bs1-8-32","15.288","15807.152759833732","25","[""AAPL"",""MSFT"",""NVDA"",""AMD"",""META"",""GOOGL"",""AMZN"",""SPY"",""QQQ"",""DIA"",""IWM"",""JPM"",""GS"",""BAC"",""XOM"",""CVX"",""SMH"",""TSM"",""VIXY"",""^NSEI"",""RELIANCE.NS"",""TCS.NS"",""INFY.NS"",""CQQQ"",""FXI""]","2.12.0+cu126","30","checkpoints\lstm_lb252_h21_in5_e30_2a00fcb3a7.history.json"
"lstm-pytorch-fp32-bs32-rep2","finished","-","","","2026-05-29T14:40:25.000Z","2","","12937","pytorch","32","27","4.049888080009391","true","checkpoints\lstm_lb252_h21_in5_e30_2a00fcb3a7.pt","AMD64 Family 25 Model 116 Stepping 1, AuthenticAMD","true","12.6","2015-01-01","0.49203772418058134","21","8.9","0","210","210","210","405","405","405","8188","8188","8188","574.84765625","574.84765625","574.84765625","7","4.2","0","NVIDIA GeForce RTX 4070 Laptop GPU","4.508","3.468","1.908","5","44","43.6","43","7.996","63","37.8","0","4.0425000042887405","2.189990999904694","3.2376500021200627","0.5291999987093732","3.560860001016408","3.9557759922172417","252","0.07811285555362701","22.282461166381836","lstm","Windows-11-10.0.26200-SP0","51521","361.9267578125","398","fp32","3.12.10","2","0.5411665439605713","20260529-200426_lstm-transformer_fp32-fp16_bs1-8-32","15.288","9883.711945097806","25","[""AAPL"",""MSFT"",""NVDA"",""AMD"",""META"",""GOOGL"",""AMZN"",""SPY"",""QQQ"",""DIA"",""IWM"",""JPM"",""GS"",""BAC"",""XOM"",""CVX"",""SMH"",""TSM"",""VIXY"",""^NSEI"",""RELIANCE.NS"",""TCS.NS"",""INFY.NS"",""CQQQ"",""FXI""]","2.12.0+cu126","30","checkpoints\lstm_lb252_h21_in5_e30_2a00fcb3a7.history.json"
"lstm-pytorch-fp16-bs1-rep0","finished","-","","","2026-05-29T14:40:57.000Z","2","","12937","pytorch","1","27","4.049888080009391","true","checkpoints\lstm_lb252_h21_in5_e30_2a00fcb3a7.pt","AMD64 Family 25 Model 116 Stepping 1, AuthenticAMD","true","12.6","2015-01-01","0.4046072974644403","21","8.9","0","210","210","210","405","405","405","8188","8188","8188","538.84765625","538.84765625","538.84765625","5","5","5","NVIDIA GeForce RTX 4070 Laptop GPU","4.418","4.0076","3.905","5","44","44","44","7.996","63","15","3","3.947799996240065","2.0650069990369957","2.9705999986617826","0.5270999972708523","3.5780299876932986","3.676341989339563","252","0.078127421438694","22.279924392700195","lstm","Windows-11-10.0.26200-SP0","51521","184.171875","190","fp16","3.12.10","0","0.5411738753318787","20260529-200426_lstm-transformer_fp32-fp16_bs1-8-32","15.288","336.632330320638","25","[""AAPL"",""MSFT"",""NVDA"",""AMD"",""META"",""GOOGL"",""AMZN"",""SPY"",""QQQ"",""DIA"",""IWM"",""JPM"",""GS"",""BAC"",""XOM"",""CVX"",""SMH"",""TSM"",""VIXY"",""^NSEI"",""RELIANCE.NS"",""TCS.NS"",""INFY.NS"",""CQQQ"",""FXI""]","2.12.0+cu126","30","checkpoints\lstm_lb252_h21_in5_e30_2a00fcb3a7.history.json"
"lstm-pytorch-fp16-bs1-rep1","finished","-","","","2026-05-29T14:41:30.000Z","3","","12937","pytorch","1","27","4.049888080009391","true","checkpoints\lstm_lb252_h21_in5_e30_2a00fcb3a7.pt","AMD64 Family 25 Model 116 Stepping 1, AuthenticAMD","true","12.6","2015-01-01","0.4046072974644403","21","8.9","0","210","210","210","405","405","405","8188","8188","8188","538.84765625","538.84765625","538.84765625","7","7","7","NVIDIA GeForce RTX 4070 Laptop GPU","3.936","3.936","3.936","5","43","43","43","7.996","14","14","14","4.009399999631569","2.3849649989278987","2.9976499936310574","0.5697000015061349","3.1392349919769913","3.247990993259013","252","0.078127421438694","22.280029296875","lstm","Windows-11-10.0.26200-SP0","51521","184.171875","190","fp16","3.12.10","1","0.5411738157272339","20260529-200426_lstm-transformer_fp32-fp16_bs1-8-32","15.288","333.59464985059805","25","[""AAPL"",""MSFT"",""NVDA"",""AMD"",""META"",""GOOGL"",""AMZN"",""SPY"",""QQQ"",""DIA"",""IWM"",""JPM"",""GS"",""BAC"",""XOM"",""CVX"",""SMH"",""TSM"",""VIXY"",""^NSEI"",""RELIANCE.NS"",""TCS.NS"",""INFY.NS"",""CQQQ"",""FXI""]","2.12.0+cu126","30","checkpoints\lstm_lb252_h21_in5_e30_2a00fcb3a7.history.json"
"lstm-pytorch-fp16-bs1-rep2","finished","-","","","2026-05-29T14:41:58.000Z","3","","12937","pytorch","1","27","4.049888080009391","true","checkpoints\lstm_lb252_h21_in5_e30_2a00fcb3a7.pt","AMD64 Family 25 Model 116 Stepping 1, AuthenticAMD","true","12.6","2015-01-01","0.4046072974644403","21","8.9","0","210","210","210","405","405","405","8188","8188","8188","538.84765625","538.84765625","538.84765625","5","4.2","3","NVIDIA GeForce RTX 4070 Laptop GPU","4.408","4.0216","3.442","5","44","44","44","7.996","68","41.2","1","6.542499992065132","2.369467000098666","1.986750001378823","1.876700000138953","3.0967949889600273","4.186795004934551","252","0.078127421438694","22.280025482177734","lstm","Windows-11-10.0.26200-SP0","51521","184.171875","190","fp16","3.12.10","2","0.5411738753318787","20260529-200426_lstm-transformer_fp32-fp16_bs1-8-32","15.288","503.3345913204936","25","[""AAPL"",""MSFT"",""NVDA"",""AMD"",""META"",""GOOGL"",""AMZN"",""SPY"",""QQQ"",""DIA"",""IWM"",""JPM"",""GS"",""BAC"",""XOM"",""CVX"",""SMH"",""TSM"",""VIXY"",""^NSEI"",""RELIANCE.NS"",""TCS.NS"",""INFY.NS"",""CQQQ"",""FXI""]","2.12.0+cu126","30","checkpoints\lstm_lb252_h21_in5_e30_2a00fcb3a7.history.json"
"lstm-pytorch-fp16-bs8-rep0","finished","-","","","2026-05-29T14:42:25.000Z","4","","12937","pytorch","8","27","4.049888080009391","true","checkpoints\lstm_lb252_h21_in5_e30_2a00fcb3a7.pt","AMD64 Family 25 Model 116 Stepping 1, AuthenticAMD","true","12.6","2015-01-01","0.4046072974644403","21","8.9","0","210","210","210","405","405","405","8188","8188","8188","538.84765625","538.84765625","538.84765625","5","5","5","NVIDIA GeForce RTX 4070 Laptop GPU","2.133","2.133","2.133","4","44","44","44","7.996","3","3","3","6.0468000010587275","1.9407469996076545","0.8596500047133304","0.7431999983964488","5.255295004462823","5.369739003072031","252","0.078127421438694","22.280025482177734","lstm","Windows-11-10.0.26200-SP0","51521","184.18896484375","190","fp16","3.12.10","0","0.5411738753318787","20260529-200426_lstm-transformer_fp32-fp16_bs1-8-32","15.288","9306.112901921962","25","[""AAPL"",""MSFT"",""NVDA"",""AMD"",""META"",""GOOGL"",""AMZN"",""SPY"",""QQQ"",""DIA"",""IWM"",""JPM"",""GS"",""BAC"",""XOM"",""CVX"",""SMH"",""TSM"",""VIXY"",""^NSEI"",""RELIANCE.NS"",""TCS.NS"",""INFY.NS"",""CQQQ"",""FXI""]","2.12.0+cu126","30","checkpoints\lstm_lb252_h21_in5_e30_2a00fcb3a7.history.json"
"lstm-pytorch-fp16-bs8-rep1","finished","-","","","2026-05-29T14:42:52.000Z","3","","12937","pytorch","8","27","4.049888080009391","true","checkpoints\lstm_lb252_h21_in5_e30_2a00fcb3a7.pt","AMD64 Family 25 Model 116 Stepping 1, AuthenticAMD","true","12.6","2015-01-01","0.4046072974644403","21","8.9","0","210","210","210","405","405","405","8188","8188","8188","538.84765625","538.84765625","538.84765625","6","6","6","NVIDIA GeForce RTX 4070 Laptop GPU","4.132","4.132","4.132","5","44","44","44","7.996","49","49","49","7.089199993060902","2.035132999299094","0.8818000060273334","0.7439000037265942","5.486159995052731","6.86724200291792","252","0.078127421438694","22.28013038635254","lstm","Windows-11-10.0.26200-SP0","51521","184.18896484375","190","fp16","3.12.10","1","0.5411738157272339","20260529-200426_lstm-transformer_fp32-fp16_bs1-8-32","15.288","9072.351945245986","25","[""AAPL"",""MSFT"",""NVDA"",""AMD"",""META"",""GOOGL"",""AMZN"",""SPY"",""QQQ"",""DIA"",""IWM"",""JPM"",""GS"",""BAC"",""XOM"",""CVX"",""SMH"",""TSM"",""VIXY"",""^NSEI"",""RELIANCE.NS"",""TCS.NS"",""INFY.NS"",""CQQQ"",""FXI""]","2.12.0+cu126","30","checkpoints\lstm_lb252_h21_in5_e30_2a00fcb3a7.history.json"
"lstm-pytorch-fp16-bs8-rep2","finished","-","","","2026-05-29T14:43:19.000Z","2","","12937","pytorch","8","27","4.049888080009391","true","checkpoints\lstm_lb252_h21_in5_e30_2a00fcb3a7.pt","AMD64 Family 25 Model 116 Stepping 1, AuthenticAMD","true","12.6","2015-01-01","0.4046072974644403","21","8.9","0","210","210","210","405","405","405","8188","8188","8188","538.84765625","538.84765625","538.84765625","9","9","9","NVIDIA GeForce RTX 4070 Laptop GPU","3.906","3.906","3.906","4","44","44","44","7.996","16","16","16","9.347700004582292","1.93477900014841","0.865699999849312","0.7825999928172678","5.240959997900063","6.647177999402643","252","0.078127421438694","22.28013038635254","lstm","Windows-11-10.0.26200-SP0","51521","184.18896484375","190","fp16","3.12.10","2","0.5411738157272339","20260529-200426_lstm-transformer_fp32-fp16_bs1-8-32","15.288","9241.07658703075","25","[""AAPL"",""MSFT"",""NVDA"",""AMD"",""META"",""GOOGL"",""AMZN"",""SPY"",""QQQ"",""DIA"",""IWM"",""JPM"",""GS"",""BAC"",""XOM"",""CVX"",""SMH"",""TSM"",""VIXY"",""^NSEI"",""RELIANCE.NS"",""TCS.NS"",""INFY.NS"",""CQQQ"",""FXI""]","2.12.0+cu126","30","checkpoints\lstm_lb252_h21_in5_e30_2a00fcb3a7.history.json"
"lstm-pytorch-fp16-bs32-rep0","finished","-","","","2026-05-29T14:43:48.000Z","2","","12937","pytorch","32","27","4.049888080009391","true","checkpoints\lstm_lb252_h21_in5_e30_2a00fcb3a7.pt","AMD64 Family 25 Model 116 Stepping 1, AuthenticAMD","true","12.6","2015-01-01","0.4046072974644403","21","8.9","0","240","227.1428571428571","210","405","405","405","8188","8188","8188","562.84765625","562.84765625","562.84765625","11","7.571428571428571","5","NVIDIA GeForce RTX 4070 Laptop GPU","4.814","4.3147142857142855","3.649","7","44","44","44","7.996","56","32.857142857142854","2","21.245800002361648","3.656464999075979","3.076350003539119","1.6073000006144866","5.60476000100607","8.942080000561027","252","0.0781274363398552","22.28023147583008","lstm","Windows-11-10.0.26200-SP0","51521","184.24658203125","214","fp16","3.12.10","0","0.5411738157272339","20260529-200426_lstm-transformer_fp32-fp16_bs1-8-32","15.288","10401.937348866775","25","[""AAPL"",""MSFT"",""NVDA"",""AMD"",""META"",""GOOGL"",""AMZN"",""SPY"",""QQQ"",""DIA"",""IWM"",""JPM"",""GS"",""BAC"",""XOM"",""CVX"",""SMH"",""TSM"",""VIXY"",""^NSEI"",""RELIANCE.NS"",""TCS.NS"",""INFY.NS"",""CQQQ"",""FXI""]","2.12.0+cu126","30","checkpoints\lstm_lb252_h21_in5_e30_2a00fcb3a7.history.json"
"lstm-pytorch-fp16-bs32-rep1","finished","-","","","2026-05-29T14:44:16.000Z","4","","12937","pytorch","32","27","4.049888080009391","true","checkpoints\lstm_lb252_h21_in5_e30_2a00fcb3a7.pt","AMD64 Family 25 Model 116 Stepping 1, AuthenticAMD","true","12.6","2015-01-01","0.4046072974644403","21","8.9","0","210","210","210","405","405","405","8188","8188","8188","562.84765625","562.84765625","562.84765625","9","6.75","0","NVIDIA GeForce RTX 4070 Laptop GPU","4.759","4.0595","1.961","4","44","44","44","7.996","41","30.75","0","6.316599989077076","1.7972189998545218","0.8300999979837798","0.759899994591251","5.440415008342825","5.492424994590697","252","0.0781274363398552","22.28023147583008","lstm","Windows-11-10.0.26200-SP0","51521","184.24658203125","214","fp16","3.12.10","1","0.5411738157272339","20260529-200426_lstm-transformer_fp32-fp16_bs1-8-32","15.288","38549.572434314454","25","[""AAPL"",""MSFT"",""NVDA"",""AMD"",""META"",""GOOGL"",""AMZN"",""SPY"",""QQQ"",""DIA"",""IWM"",""JPM"",""GS"",""BAC"",""XOM"",""CVX"",""SMH"",""TSM"",""VIXY"",""^NSEI"",""RELIANCE.NS"",""TCS.NS"",""INFY.NS"",""CQQQ"",""FXI""]","2.12.0+cu126","30","checkpoints\lstm_lb252_h21_in5_e30_2a00fcb3a7.history.json"
"lstm-pytorch-fp16-bs32-rep2","finished","-","","","2026-05-29T14:44:47.000Z","4","","12937","pytorch","32","27","4.049888080009391","true","checkpoints\lstm_lb252_h21_in5_e30_2a00fcb3a7.pt","AMD64 Family 25 Model 116 Stepping 1, AuthenticAMD","true","12.6","2015-01-01","0.4046072974644403","21","8.9","0","240","235.71428571428572","210","405","405","405","8188","8188","8188","562.84765625","562.84765625","562.84765625","5","3.5714285714285716","0","NVIDIA GeForce RTX 4070 Laptop GPU","5.104","4.659999999999999","1.996","7","44","44","44","7.996","56","40","0","6.523599993670359","3.44281399884494","2.959299999929499","0.8443999977316707","5.000929989182623","6.02671899905545","252","0.0781274363398552","22.28023147583008","lstm","Windows-11-10.0.26200-SP0","51521","184.24658203125","214","fp16","3.12.10","2","0.5411738157272339","20260529-200426_lstm-transformer_fp32-fp16_bs1-8-32","15.288","10813.368026480031","25","[""AAPL"",""MSFT"",""NVDA"",""AMD"",""META"",""GOOGL"",""AMZN"",""SPY"",""QQQ"",""DIA"",""IWM"",""JPM"",""GS"",""BAC"",""XOM"",""CVX"",""SMH"",""TSM"",""VIXY"",""^NSEI"",""RELIANCE.NS"",""TCS.NS"",""INFY.NS"",""CQQQ"",""FXI""]","2.12.0+cu126","30","checkpoints\lstm_lb252_h21_in5_e30_2a00fcb3a7.history.json"
"transformer-pytorch-fp32-bs1-rep0","finished","-","","","2026-05-29T14:49:50.000Z","3","","12937","pytorch","1","5","3.980493880000211","false","checkpoints\transformer_lb252_h21_in5_e30_2a00fcb3a7.pt","AMD64 Family 25 Model 116 Stepping 1, AuthenticAMD","true","12.6","2015-01-01","0.49165120593692024","21","8.9","0","2460","2460","2460","8001","8001","8001","8188","8188","8188","562.84765625","562.84765625","562.84765625","44","44","44","NVIDIA GeForce RTX 4070 Laptop GPU","90.695","90.695","90.695","2","76","76","76","7.996","86","86","86","1.9745999888982624","1.0496200004126877","0.9879500066745096","0.8073999924818054","1.3358399992284828","1.9218330048897772","252","0.08003412932157516","25.550546646118164","transformer","Windows-11-10.0.26200-SP0","100417","146.01220703125","204","fp32","3.12.10","0","0.5412338376045227","20260529-200426_lstm-transformer_fp32-fp16_bs1-8-32","15.288","1012.1969666927292","25","[""AAPL"",""MSFT"",""NVDA"",""AMD"",""META"",""GOOGL"",""AMZN"",""SPY"",""QQQ"",""DIA"",""IWM"",""JPM"",""GS"",""BAC"",""XOM"",""CVX"",""SMH"",""TSM"",""VIXY"",""^NSEI"",""RELIANCE.NS"",""TCS.NS"",""INFY.NS"",""CQQQ"",""FXI""]","2.12.0+cu126","30","checkpoints\transformer_lb252_h21_in5_e30_2a00fcb3a7.history.json"
"transformer-pytorch-fp32-bs1-rep1","finished","-","","","2026-05-29T14:50:23.000Z","3","","12937","pytorch","1","5","3.980493880000211","true","checkpoints\transformer_lb252_h21_in5_e30_2a00fcb3a7.pt","AMD64 Family 25 Model 116 Stepping 1, AuthenticAMD","true","12.6","2015-01-01","0.49165120593692024","21","8.9","0","210","210","210","405","405","405","8188","8188","8188","532.84765625","532.84765625","532.84765625","0","0","0","NVIDIA GeForce RTX 4070 Laptop GPU","3.714","3.714","3.714","4","54","54","54","7.996","0","0","0","2.8959000046597794","1.65947200046503","1.7151999927591532","1.199899998027831","2.339225001924205","2.767991995933699","252","0.08003409951925278","25.550308227539062","transformer","Windows-11-10.0.26200-SP0","100417","137.49951171875","182","fp32","3.12.10","1","0.5412338376045227","20260529-200426_lstm-transformer_fp32-fp16_bs1-8-32","15.288","583.0223905209747","25","[""AAPL"",""MSFT"",""NVDA"",""AMD"",""META"",""GOOGL"",""AMZN"",""SPY"",""QQQ"",""DIA"",""IWM"",""JPM"",""GS"",""BAC"",""XOM"",""CVX"",""SMH"",""TSM"",""VIXY"",""^NSEI"",""RELIANCE.NS"",""TCS.NS"",""INFY.NS"",""CQQQ"",""FXI""]","2.12.0+cu126","30","checkpoints\transformer_lb252_h21_in5_e30_2a00fcb3a7.history.json"
"transformer-pytorch-fp32-bs1-rep2","finished","-","","","2026-05-29T14:50:52.000Z","3","","12937","pytorch","1","5","3.980493880000211","true","checkpoints\transformer_lb252_h21_in5_e30_2a00fcb3a7.pt","AMD64 Family 25 Model 116 Stepping 1, AuthenticAMD","true","12.6","2015-01-01","0.49165120593692024","21","8.9","0","210","210","210","405","405","405","8188","8188","8188","532.84765625","532.84765625","532.84765625","5","1.25","0","NVIDIA GeForce RTX 4070 Laptop GPU","4.233","3.822","3.685","4","51","51","51","7.996","86","21.5","0","2.80239999119658","1.78419899995788","1.7377000040141866","1.638800007640384","2.165164997131797","2.2772049970808466","252","0.08003407716751099","25.55006217956543","transformer","Windows-11-10.0.26200-SP0","100417","137.49951171875","182","fp32","3.12.10","2","0.5412339568138123","20260529-200426_lstm-transformer_fp32-fp16_bs1-8-32","15.288","575.4733254819259","25","[""AAPL"",""MSFT"",""NVDA"",""AMD"",""META"",""GOOGL"",""AMZN"",""SPY"",""QQQ"",""DIA"",""IWM"",""JPM"",""GS"",""BAC"",""XOM"",""CVX"",""SMH"",""TSM"",""VIXY"",""^NSEI"",""RELIANCE.NS"",""TCS.NS"",""INFY.NS"",""CQQQ"",""FXI""]","2.12.0+cu126","30","checkpoints\transformer_lb252_h21_in5_e30_2a00fcb3a7.history.json"
"transformer-pytorch-fp32-bs8-rep0","finished","-","","","2026-05-29T14:51:21.000Z","4","","12937","pytorch","8","5","3.980493880000211","true","checkpoints\transformer_lb252_h21_in5_e30_2a00fcb3a7.pt","AMD64 Family 25 Model 116 Stepping 1, AuthenticAMD","true","12.6","2015-01-01","0.49165120593692024","21","8.9","0","210","210","210","405","405","405","8188","8188","8188","534.84765625","534.84765625","534.84765625","27","27","27","NVIDIA GeForce RTX 4070 Laptop GPU","4.09","4.09","4.09","4","49","49","49","7.996","40","40","40","5.021699995268136","1.8259779998334125","0.9894999966491014","0.7151000027079135","3.877684998587938","4.05466800788418","252","0.08003407716751099","25.55018424987793","transformer","Windows-11-10.0.26200-SP0","100417","137.533203125","184","fp32","3.12.10","0","0.5412339568138123","20260529-200426_lstm-transformer_fp32-fp16_bs1-8-32","15.288","8084.891386651492","25","[""AAPL"",""MSFT"",""NVDA"",""AMD"",""META"",""GOOGL"",""AMZN"",""SPY"",""QQQ"",""DIA"",""IWM"",""JPM"",""GS"",""BAC"",""XOM"",""CVX"",""SMH"",""TSM"",""VIXY"",""^NSEI"",""RELIANCE.NS"",""TCS.NS"",""INFY.NS"",""CQQQ"",""FXI""]","2.12.0+cu126","30","checkpoints\transformer_lb252_h21_in5_e30_2a00fcb3a7.history.json"
"transformer-pytorch-fp32-bs8-rep1","finished","-","","","2026-05-29T14:51:49.000Z","2","","12937","pytorch","8","5","3.980493880000211","true","checkpoints\transformer_lb252_h21_in5_e30_2a00fcb3a7.pt","AMD64 Family 25 Model 116 Stepping 1, AuthenticAMD","true","12.6","2015-01-01","0.49165120593692024","21","8.9","0","210","210","210","405","405","405","8188","8188","8188","534.84765625","534.84765625","534.84765625","0","0","0","NVIDIA GeForce RTX 4070 Laptop GPU","3.841","3.841","3.841","5","48","48","48","7.996","12","12","12","8.489900006679818","2.492385001096409","2.6009500070358627","0.7364000048255548","3.816099995310651","4.891646008763947","252","0.0800340473651886","25.549819946289062","transformer","Windows-11-10.0.26200-SP0","100417","137.533203125","184","fp32","3.12.10","1","0.5412339568138123","20260529-200426_lstm-transformer_fp32-fp16_bs1-8-32","15.288","3075.799218885061","25","[""AAPL"",""MSFT"",""NVDA"",""AMD"",""META"",""GOOGL"",""AMZN"",""SPY"",""QQQ"",""DIA"",""IWM"",""JPM"",""GS"",""BAC"",""XOM"",""CVX"",""SMH"",""TSM"",""VIXY"",""^NSEI"",""RELIANCE.NS"",""TCS.NS"",""INFY.NS"",""CQQQ"",""FXI""]","2.12.0+cu126","30","checkpoints\transformer_lb252_h21_in5_e30_2a00fcb3a7.history.json"
"transformer-pytorch-fp32-bs8-rep2","finished","-","","","2026-05-29T14:52:18.000Z","2","","12937","pytorch","8","5","3.980493880000211","true","checkpoints\transformer_lb252_h21_in5_e30_2a00fcb3a7.pt","AMD64 Family 25 Model 116 Stepping 1, AuthenticAMD","true","12.6","2015-01-01","0.49165120593692024","21","8.9","0","285","240","210","405","405","405","8188","8188","8188","534.84765625","534.84765625","534.84765625","5","2","0","NVIDIA GeForce RTX 4070 Laptop GPU","6.438","3.8508","2.126","5","48","47.4","47","7.996","83","33.2","0","4.242900002282113","2.3992199983331375","2.896350000810344","0.8121999999275431","3.0481249901640695","3.2661659986479257","252","0.080034039914608","25.549701690673828","transformer","Windows-11-10.0.26200-SP0","100417","137.533203125","184","fp32","3.12.10","2","0.5412339568138123","20260529-200426_lstm-transformer_fp32-fp16_bs1-8-32","15.288","2762.0971214672786","25","[""AAPL"",""MSFT"",""NVDA"",""AMD"",""META"",""GOOGL"",""AMZN"",""SPY"",""QQQ"",""DIA"",""IWM"",""JPM"",""GS"",""BAC"",""XOM"",""CVX"",""SMH"",""TSM"",""VIXY"",""^NSEI"",""RELIANCE.NS"",""TCS.NS"",""INFY.NS"",""CQQQ"",""FXI""]","2.12.0+cu126","30","checkpoints\transformer_lb252_h21_in5_e30_2a00fcb3a7.history.json"
"transformer-pytorch-fp32-bs32-rep0","finished","-","","","2026-05-29T14:52:44.000Z","3","","12937","pytorch","32","5","3.980493880000211","true","checkpoints\transformer_lb252_h21_in5_e30_2a00fcb3a7.pt","AMD64 Family 25 Model 116 Stepping 1, AuthenticAMD","true","12.6","2015-01-01","0.49165120593692024","21","8.9","0","1980","652.5","210","8001","2304","405","8188","8188","8188","552.84765625","552.84765625","552.84765625","10","2.5","0","NVIDIA GeForce RTX 4070 Laptop GPU","6.144","3.132","2.128","4","52","47.5","46","7.996","56","17.75","5","2.903800006606616","1.6225300006044563","1.5746999997645617","1.522499995189719","1.8179350008722397","2.48423801007448","252","0.0800340324640274","25.549585342407227","transformer","Windows-11-10.0.26200-SP0","100417","138.13671875","186","fp32","3.12.10","0","0.5412339568138123","20260529-200426_lstm-transformer_fp32-fp16_bs1-8-32","15.288","20321.331050221896","25","[""AAPL"",""MSFT"",""NVDA"",""AMD"",""META"",""GOOGL"",""AMZN"",""SPY"",""QQQ"",""DIA"",""IWM"",""JPM"",""GS"",""BAC"",""XOM"",""CVX"",""SMH"",""TSM"",""VIXY"",""^NSEI"",""RELIANCE.NS"",""TCS.NS"",""INFY.NS"",""CQQQ"",""FXI""]","2.12.0+cu126","30","checkpoints\transformer_lb252_h21_in5_e30_2a00fcb3a7.history.json"
"transformer-pytorch-fp32-bs32-rep1","finished","-","","","2026-05-29T14:53:11.000Z","3","","12937","pytorch","32","5","3.980493880000211","true","checkpoints\transformer_lb252_h21_in5_e30_2a00fcb3a7.pt","AMD64 Family 25 Model 116 Stepping 1, AuthenticAMD","true","12.6","2015-01-01","0.49165120593692024","21","8.9","0","210","210","210","405","405","405","8188","8188","8188","552.84765625","552.84765625","552.84765625","0","0","0","NVIDIA GeForce RTX 4070 Laptop GPU","3.795","3.795","3.795","4","46","46","46","7.996","8","8","8","3.2267000060528517","1.6598189997603183","1.5701000011176802","1.5191000129561871","2.0916350062179845","2.84168899888755","252","0.0800340324640274","25.54946517944336","transformer","Windows-11-10.0.26200-SP0","100417","138.13671875","186","fp32","3.12.10","1","0.5412339568138123","20260529-200426_lstm-transformer_fp32-fp16_bs1-8-32","15.288","20380.867446163116","25","[""AAPL"",""MSFT"",""NVDA"",""AMD"",""META"",""GOOGL"",""AMZN"",""SPY"",""QQQ"",""DIA"",""IWM"",""JPM"",""GS"",""BAC"",""XOM"",""CVX"",""SMH"",""TSM"",""VIXY"",""^NSEI"",""RELIANCE.NS"",""TCS.NS"",""INFY.NS"",""CQQQ"",""FXI""]","2.12.0+cu126","30","checkpoints\transformer_lb252_h21_in5_e30_2a00fcb3a7.history.json"
"transformer-pytorch-fp32-bs32-rep2","finished","-","","","2026-05-29T14:53:39.000Z","3","","12937","pytorch","32","5","3.980493880000211","true","checkpoints\transformer_lb252_h21_in5_e30_2a00fcb3a7.pt","AMD64 Family 25 Model 116 Stepping 1, AuthenticAMD","true","12.6","2015-01-01","0.49165120593692024","21","8.9","0","210","210","210","405","405","405","8188","8188","8188","552.84765625","552.84765625","552.84765625","26","26","26","NVIDIA GeForce RTX 4070 Laptop GPU","7.553","7.553","7.553","4","46","46","46","7.996","84","84","84","2.9565000004367903","1.7141909997735638","1.6518000047653911","1.547400010167621","2.0072400016942984","2.7925559910363527","252","0.08003401011228561","25.54934310913086","transformer","Windows-11-10.0.26200-SP0","100417","138.13671875","186","fp32","3.12.10","2","0.5412339568138123","20260529-200426_lstm-transformer_fp32-fp16_bs1-8-32","15.288","19372.80536849558","25","[""AAPL"",""MSFT"",""NVDA"",""AMD"",""META"",""GOOGL"",""AMZN"",""SPY"",""QQQ"",""DIA"",""IWM"",""JPM"",""GS"",""BAC"",""XOM"",""CVX"",""SMH"",""TSM"",""VIXY"",""^NSEI"",""RELIANCE.NS"",""TCS.NS"",""INFY.NS"",""CQQQ"",""FXI""]","2.12.0+cu126","30","checkpoints\transformer_lb252_h21_in5_e30_2a00fcb3a7.history.json"
"transformer-pytorch-fp16-bs1-rep0","finished","-","","","2026-05-29T14:54:06.000Z","4","","12937","pytorch","1","5","3.980493880000211","true","checkpoints\transformer_lb252_h21_in5_e30_2a00fcb3a7.pt","AMD64 Family 25 Model 116 Stepping 1, AuthenticAMD","true","12.6","2015-01-01","0.4005102040816326","21","8.9","0","210","210","210","405","405","405","8188","8188","8188","538.84765625","538.84765625","538.84765625","5","5","5","NVIDIA GeForce RTX 4070 Laptop GPU","4.065","4.065","4.065","2","46","46","46","7.996","19","19","19","2.882299988414161","1.019007000431884","0.8933999997680075","0.8325999951921403","1.933649996499298","2.3177029968064775","252","0.07999518513679504","25.52910804748535","transformer","Windows-11-10.0.26200-SP0","100417","72.81640625","98","fp16","3.12.10","0","0.5412052869796753","20260529-200426_lstm-transformer_fp32-fp16_bs1-8-32","15.288","1119.3194540627644","25","[""AAPL"",""MSFT"",""NVDA"",""AMD"",""META"",""GOOGL"",""AMZN"",""SPY"",""QQQ"",""DIA"",""IWM"",""JPM"",""GS"",""BAC"",""XOM"",""CVX"",""SMH"",""TSM"",""VIXY"",""^NSEI"",""RELIANCE.NS"",""TCS.NS"",""INFY.NS"",""CQQQ"",""FXI""]","2.12.0+cu126","30","checkpoints\transformer_lb252_h21_in5_e30_2a00fcb3a7.history.json"
"transformer-pytorch-fp16-bs1-rep1","finished","-","","","2026-05-29T14:54:38.000Z","4","","12937","pytorch","1","5","3.980493880000211","true","checkpoints\transformer_lb252_h21_in5_e30_2a00fcb3a7.pt","AMD64 Family 25 Model 116 Stepping 1, AuthenticAMD","true","12.6","2015-01-01","0.4005102040816326","21","8.9","0","210","210","210","405","405","405","8188","8188","8188","538.84765625","538.84765625","538.84765625","17","17","17","NVIDIA GeForce RTX 4070 Laptop GPU","3.941","3.941","3.941","3","46","46","46","7.996","18","18","18","3.413200000068173","1.079369999933988","1.0284999953000806","0.8440000092377886","1.5037749901239297","1.8138549952709664","252","0.07999519258737564","25.529224395751953","transformer","Windows-11-10.0.26200-SP0","100417","72.81640625","98","fp16","3.12.10","1","0.5412052869796753","20260529-200426_lstm-transformer_fp32-fp16_bs1-8-32","15.288","972.2897467862746","25","[""AAPL"",""MSFT"",""NVDA"",""AMD"",""META"",""GOOGL"",""AMZN"",""SPY"",""QQQ"",""DIA"",""IWM"",""JPM"",""GS"",""BAC"",""XOM"",""CVX"",""SMH"",""TSM"",""VIXY"",""^NSEI"",""RELIANCE.NS"",""TCS.NS"",""INFY.NS"",""CQQQ"",""FXI""]","2.12.0+cu126","30","checkpoints\transformer_lb252_h21_in5_e30_2a00fcb3a7.history.json"
"transformer-pytorch-fp16-bs1-rep2","finished","-","","","2026-05-29T14:55:05.000Z","4","","12937","pytorch","1","5","3.980493880000211","true","checkpoints\transformer_lb252_h21_in5_e30_2a00fcb3a7.pt","AMD64 Family 25 Model 116 Stepping 1, AuthenticAMD","true","12.6","2015-01-01","0.4005102040816326","21","8.9","0","210","210","210","405","405","405","8188","8188","8188","538.84765625","538.84765625","538.84765625","0","0","0","NVIDIA GeForce RTX 4070 Laptop GPU","3.392","3.392","3.392","3","46","46","46","7.996","7","7","7","2.945300002465956","1.1558810007409193","0.9848500048974528","0.8387999987462536","1.9344249893038064","2.7905630055465744","252","0.07999520003795624","25.529342651367188","transformer","Windows-11-10.0.26200-SP0","100417","72.81640625","98","fp16","3.12.10","2","0.5412052869796753","20260529-200426_lstm-transformer_fp32-fp16_bs1-8-32","15.288","1015.3830482075538","25","[""AAPL"",""MSFT"",""NVDA"",""AMD"",""META"",""GOOGL"",""AMZN"",""SPY"",""QQQ"",""DIA"",""IWM"",""JPM"",""GS"",""BAC"",""XOM"",""CVX"",""SMH"",""TSM"",""VIXY"",""^NSEI"",""RELIANCE.NS"",""TCS.NS"",""INFY.NS"",""CQQQ"",""FXI""]","2.12.0+cu126","30","checkpoints\transformer_lb252_h21_in5_e30_2a00fcb3a7.history.json"
"transformer-pytorch-fp16-bs8-rep0","finished","-","","","2026-05-29T14:55:35.000Z","3","","12937","pytorch","8","5","3.980493880000211","true","checkpoints\transformer_lb252_h21_in5_e30_2a00fcb3a7.pt","AMD64 Family 25 Model 116 Stepping 1, AuthenticAMD","true","12.6","2015-01-01","0.4005102040816326","21","8.9","0","210","210","210","405","405","405","8188","8188","8188","540.84765625","540.84765625","540.84765625","20","20","20","NVIDIA GeForce RTX 4070 Laptop GPU","4.237","4.237","4.237","4","46","46","46","7.996","25","25","25","3.093400009674951","1.6668129999015946","1.6209500026889143","1.514500007033348","1.866035006969468","2.716902995307466","252","0.07999520003795624","25.529342651367188","transformer","Windows-11-10.0.26200-SP0","100417","72.83349609375","100","fp16","3.12.10","0","0.5412052869796753","20260529-200426_lstm-transformer_fp32-fp16_bs1-8-32","15.288","4935.377393953664","25","[""AAPL"",""MSFT"",""NVDA"",""AMD"",""META"",""GOOGL"",""AMZN"",""SPY"",""QQQ"",""DIA"",""IWM"",""JPM"",""GS"",""BAC"",""XOM"",""CVX"",""SMH"",""TSM"",""VIXY"",""^NSEI"",""RELIANCE.NS"",""TCS.NS"",""INFY.NS"",""CQQQ"",""FXI""]","2.12.0+cu126","30","checkpoints\transformer_lb252_h21_in5_e30_2a00fcb3a7.history.json"
"transformer-pytorch-fp16-bs8-rep1","finished","-","","","2026-05-29T14:56:04.000Z","3","","12937","pytorch","8","5","3.980493880000211","true","checkpoints\transformer_lb252_h21_in5_e30_2a00fcb3a7.pt","AMD64 Family 25 Model 116 Stepping 1, AuthenticAMD","true","12.6","2015-01-01","0.4005102040816326","21","8.9","0","210","210","210","405","405","405","8188","8188","8188","540.84765625","540.84765625","540.84765625","0","0","0","NVIDIA GeForce RTX 4070 Laptop GPU","2.725","2.725","2.725","4","45","45","45","7.996","1","1","1","3.7783000007038936","1.6898819989000913","1.5840999985812232","1.5111999964574352","2.1060200000647455","3.265380999218908","252","0.07999518513679504","25.52910804748535","transformer","Windows-11-10.0.26200-SP0","100417","72.83349609375","100","fp16","3.12.10","1","0.5412052869796753","20260529-200426_lstm-transformer_fp32-fp16_bs1-8-32","15.288","5050.186230140198","25","[""AAPL"",""MSFT"",""NVDA"",""AMD"",""META"",""GOOGL"",""AMZN"",""SPY"",""QQQ"",""DIA"",""IWM"",""JPM"",""GS"",""BAC"",""XOM"",""CVX"",""SMH"",""TSM"",""VIXY"",""^NSEI"",""RELIANCE.NS"",""TCS.NS"",""INFY.NS"",""CQQQ"",""FXI""]","2.12.0+cu126","30","checkpoints\transformer_lb252_h21_in5_e30_2a00fcb3a7.history.json"
"transformer-pytorch-fp16-bs8-rep2","finished","-","","","2026-05-29T14:56:32.000Z","4","","12937","pytorch","8","5","3.980493880000211","true","checkpoints\transformer_lb252_h21_in5_e30_2a00fcb3a7.pt","AMD64 Family 25 Model 116 Stepping 1, AuthenticAMD","true","12.6","2015-01-01","0.4005102040816326","21","8.9","0","210","210","210","405","405","405","8188","8188","8188","540.84765625","540.84765625","540.84765625","5","1.25","0","NVIDIA GeForce RTX 4070 Laptop GPU","4.669","3.84925","3.576","4","45","45","45","7.996","83","20.75","0","3.144399990560487","1.5755529995658435","1.607400001375936","1.0769000073196366","1.7626000131713226","2.649597997369713","252","0.07999518513679504","25.52910423278809","transformer","Windows-11-10.0.26200-SP0","100417","72.83349609375","100","fp16","3.12.10","2","0.5412052869796753","20260529-200426_lstm-transformer_fp32-fp16_bs1-8-32","15.288","4976.981456483758","25","[""AAPL"",""MSFT"",""NVDA"",""AMD"",""META"",""GOOGL"",""AMZN"",""SPY"",""QQQ"",""DIA"",""IWM"",""JPM"",""GS"",""BAC"",""XOM"",""CVX"",""SMH"",""TSM"",""VIXY"",""^NSEI"",""RELIANCE.NS"",""TCS.NS"",""INFY.NS"",""CQQQ"",""FXI""]","2.12.0+cu126","30","checkpoints\transformer_lb252_h21_in5_e30_2a00fcb3a7.history.json"
"transformer-pytorch-fp16-bs32-rep0","finished","-","","","2026-05-29T14:57:02.000Z","3","","12937","pytorch","32","5","3.980493880000211","true","checkpoints\transformer_lb252_h21_in5_e30_2a00fcb3a7.pt","AMD64 Family 25 Model 116 Stepping 1, AuthenticAMD","true","12.6","2015-01-01","0.4005102040816326","21","8.9","0","360","310","210","405","405","405","8188","8188","8188","542.84765625","542.84765625","542.84765625","5","3.3333333333333335","0","NVIDIA GeForce RTX 4070 Laptop GPU","4.938","4.443","3.453","6","45","45","45","7.996","61","40.666666666666664","0","5.024300000513904","2.6807250001002103","2.587100003438536","0.7468999974662438","4.28028499300126","4.323874997498937","252","0.07999517768621445","25.528982162475582","transformer","Windows-11-10.0.26200-SP0","100417","72.89111328125","102","fp16","3.12.10","0","0.5412052869796753","20260529-200426_lstm-transformer_fp32-fp16_bs1-8-32","15.288","12369.061867522916","25","[""AAPL"",""MSFT"",""NVDA"",""AMD"",""META"",""GOOGL"",""AMZN"",""SPY"",""QQQ"",""DIA"",""IWM"",""JPM"",""GS"",""BAC"",""XOM"",""CVX"",""SMH"",""TSM"",""VIXY"",""^NSEI"",""RELIANCE.NS"",""TCS.NS"",""INFY.NS"",""CQQQ"",""FXI""]","2.12.0+cu126","30","checkpoints\transformer_lb252_h21_in5_e30_2a00fcb3a7.history.json"
"transformer-pytorch-fp16-bs32-rep1","finished","-","","","2026-05-29T14:57:33.000Z","3","","12937","pytorch","32","5","3.980493880000211","true","checkpoints\transformer_lb252_h21_in5_e30_2a00fcb3a7.pt","AMD64 Family 25 Model 116 Stepping 1, AuthenticAMD","true","12.6","2015-01-01","0.4005102040816326","21","8.9","0","315","280","210","405","405","405","8188","8188","8188","542.84765625","542.84765625","542.84765625","5","3.3333333333333335","0","NVIDIA GeForce RTX 4070 Laptop GPU","3.998","3.468","2.408","6","45","45","45","7.996","69","46","0","7.298500000615604","2.684717999800341","2.936099997896235","0.6853999948361889","4.254665003099944","4.3743370068841765","252","0.07999517768621445","25.528982162475582","transformer","Windows-11-10.0.26200-SP0","100417","72.89111328125","102","fp16","3.12.10","1","0.5412052869796753","20260529-200426_lstm-transformer_fp32-fp16_bs1-8-32","15.288","10898.811356196496","25","[""AAPL"",""MSFT"",""NVDA"",""AMD"",""META"",""GOOGL"",""AMZN"",""SPY"",""QQQ"",""DIA"",""IWM"",""JPM"",""GS"",""BAC"",""XOM"",""CVX"",""SMH"",""TSM"",""VIXY"",""^NSEI"",""RELIANCE.NS"",""TCS.NS"",""INFY.NS"",""CQQQ"",""FXI""]","2.12.0+cu126","30","checkpoints\transformer_lb252_h21_in5_e30_2a00fcb3a7.history.json"
"transformer-pytorch-fp16-bs32-rep2","finished","-","","","2026-05-29T14:58:05.000Z","4","","12937","pytorch","32","5","3.980493880000211","true","checkpoints\transformer_lb252_h21_in5_e30_2a00fcb3a7.pt","AMD64 Family 25 Model 116 Stepping 1, AuthenticAMD","true","12.6","2015-01-01","0.4005102040816326","21","8.9","0","210","210","210","405","405","405","8188","8188","8188","542.84765625","542.84765625","542.84765625","9","9","9","NVIDIA GeForce RTX 4070 Laptop GPU","4.161","4.161","4.161","6","45","45","45","7.996","11","11","11","5.211799987591803","2.625606999354204","2.701849996810779","0.6945000059204176","4.27286999693024","4.820255002705382","252","0.07999517768621445","25.528982162475582","transformer","Windows-11-10.0.26200-SP0","100417","72.89111328125","102","fp16","3.12.10","2","0.5412052869796753","20260529-200426_lstm-transformer_fp32-fp16_bs1-8-32","15.288","11843.736712908672","25","[""AAPL"",""MSFT"",""NVDA"",""AMD"",""META"",""GOOGL"",""AMZN"",""SPY"",""QQQ"",""DIA"",""IWM"",""JPM"",""GS"",""BAC"",""XOM"",""CVX"",""SMH"",""TSM"",""VIXY"",""^NSEI"",""RELIANCE.NS"",""TCS.NS"",""INFY.NS"",""CQQQ"",""FXI""]","2.12.0+cu126","30","checkpoints\transformer_lb252_h21_in5_e30_2a00fcb3a7.history.json"